year,first_session,last_session,sessions,price_return,annualized_volatility,daily_sharpe_rf0,up_session_rate,max_drawdown_within_year,worst_day,best_day
2005,2005-02-28,2005-12-30,213,0.03713032892250756,0.10270572288257995,0.47109560296401365,0.5586854460093896,-0.0716635421010604,-0.016720496691790876,0.019736220659340775
2006,2006-01-03,2006-12-29,251,0.1361943175771818,0.100252406659812,1.3289043512448087,0.5617529880478087,-0.07698985354068733,-0.018326315356155143,0.021565004012841005
2007,2007-01-03,2007-12-31,251,0.035295730290143545,0.15985645331575435,0.29771688654794204,0.545816733067729,-0.10090409901817798,-0.03472540219103959,0.029208007516343004
2008,2008-01-02,2008-12-31,253,-0.3848579304617866,0.4097324999784392,-0.9759345885647577,0.4980237154150198,-0.4875643509176666,-0.09034977815503076,0.11580036960722695
2009,2009-01-02,2009-12-31,252,0.23454190534182318,0.27285015319297395,0.9083183907974354,0.5555555555555556,-0.27620624765756396,-0.052816101566932394,0.07075754880249052
2010,2010-01-04,2010-12-31,252,0.12782713843408877,0.18051749515438598,0.7565127880837333,0.5714285714285714,-0.15994677260904944,-0.03897590340359691,0.04397412391989186
2011,2011-01-03,2011-12-30,252,-3.1836614232227944e-05,0.2327371311407598,0.11629221667665955,0.5476190476190477,-0.19388242085950957,-0.0666344641955241,0.04740684780953952
2012,2012-01-03,2012-12-31,250,0.13405690856978758,0.12767220600587453,1.0570085905718765,0.528,-0.09936294686890113,-0.024642584756720654,0.024920238689663643
2013,2013-01-02,2013-12-31,252,0.29601249585590916,0.11068819690265475,2.3989080426729013,0.5833333333333334,-0.0575559359456842,-0.025010351365277073,0.02540342065138712
2014,2014-01-02,2014-12-31,252,0.11390633789337223,0.11370554450862913,1.005621398273245,0.5714285714285714,-0.07401459515463116,-0.022831919721464478,0.0240152043279922
2015,2015-01-02,2015-12-31,252,-0.0072659972373918524,0.15493738983026376,0.030193017925206223,0.4722222222222222,-0.1235252506548109,-0.03941369300610109,0.03903385909558632
2016,2016-01-04,2016-12-30,252,0.09535022682938954,0.13094962912675856,0.760950217383502,0.5198412698412699,-0.10512049825440495,-0.03591979991551375,0.02476021748183288
2017,2017-01-03,2017-12-29,251,0.19419965511112247,0.0668566353638656,2.6994112798108647,0.5697211155378487,-0.027967917281903065,-0.0181782145892192,0.013673854505382499
2018,2018-01-02,2018-12-31,251,-0.06237259821968333,0.17051556459644535,-0.293930861653766,0.5258964143426295,-0.19778210423952847,-0.04097922501640738,0.04959374256297622
2019,2019-01-02,2019-02-25,37,0.11538783640504735,0.14971652049349043,5.047645246044315,0.7297297297297297,-0.024756730111614167,-0.024756730111614167,0.03433571429840443
