strategy,task,horizon,model,bars,total_return,cagr,sharpe,max_drawdown,win_day_rate,exposure,trades,turnover,mean_gross_daily_return,cost_bps_one_way,return_basis
Logistic Regression_classification_1d,classification,1,Logistic Regression,2761,1.0042230531085448,0.06551361223619145,0.4584137477219202,-0.4060488588286322,0.33429916696848966,0.6320173850054328,439,1026.0,0.0004947141336194746,5.0,open_to_open
Random Forest_classification_1d,classification,1,Random Forest,2761,0.63858063769563,0.04610373335155016,0.367084764143861,-0.24537060300540248,0.3223469757334299,0.6207895689967403,426,1062.0,0.0004190807513843138,5.0,open_to_open
Gradient Boosting_classification_1d,classification,1,Gradient Boosting,2761,0.47605687640094585,0.036177733438202075,0.3005842540457465,-0.31101212032973835,0.33429916696848966,0.6570083303151032,410,1078.0,0.000387779352976546,5.0,open_to_open
XGBoost_classification_1d,classification,1,XGBoost,2761,0.7081846276561623,0.05008329421488811,0.38983343237189655,-0.30842209938261145,0.31401666063020645,0.5925389351684173,450,1156.0,0.00045190511100261937,5.0,open_to_open
LightGBM_classification_1d,classification,1,LightGBM,2761,0.37118596554720096,0.02923124056849269,0.25637561801638714,-0.437987887953287,0.3426294820717131,0.6736689605215501,434,1256.0,0.00039635054765713173,5.0,open_to_open
CatBoost_classification_1d,classification,1,CatBoost,2761,0.3529647225909376,0.027975310877679904,0.2534113329838403,-0.29946931646126984,0.3024266570083303,0.5780514306410721,421,946.0,0.00033035872429575987,5.0,open_to_open
Ridge Regression_regression_1d,regression,1,Ridge Regression,2761,0.1976843591786268,0.01660071076330394,0.18106256633489368,-0.5095084187497065,0.4936617167692865,0.9989134371604491,1,1292.0,0.000369820902633167,5.0,open_to_open
Random Forest_regression_1d,regression,1,Random Forest,2761,0.4596900073489081,0.03512376182524313,0.2768252042919721,-0.5296238863307079,0.5059760956175299,0.9989134371604491,1,954.0,0.00038047238187469595,5.0,open_to_open
Gradient Boosting_regression_1d,regression,1,Gradient Boosting,2761,1.637485810879158,0.09255312065183507,0.5630618035667275,-0.3585337622607083,0.5244476638898949,0.9989134371604491,1,994.0,0.0006018449906834391,5.0,open_to_open
XGBoost_regression_1d,regression,1,XGBoost,2761,0.574156490013148,0.04228098361835109,0.31332696831133855,-0.4863494186438795,0.517566099239406,0.9989134371604491,1,930.0,0.0004035024576049491,5.0,open_to_open
LightGBM_regression_1d,regression,1,LightGBM,2761,0.03813109031530271,0.0034213996646286216,0.11255890300112965,-0.596084869673075,0.5027164070988772,0.9989134371604491,1,1230.0,0.0003072585697635,5.0,open_to_open
CatBoost_regression_1d,regression,1,CatBoost,2761,0.6314578787078831,0.04568787195051205,0.3307191619360131,-0.42751354858635304,0.5186526620789569,0.9989134371604491,1,778.0,0.0003889312655743422,5.0,open_to_open
buy_and_hold_1d_window,benchmark,1,Buy & Hold,2761,1.1050519450139231,0.07029774549198464,0.4538551293810778,-0.5234059166067213,0.5541470481709525,1.0,1,1.0,0.00034080571357996987,0.0,open_to_open
Logistic Regression_classification_5d,classification,5,Logistic Regression,2765,0.39925108617641025,0.031090579528744833,0.28215928558222986,-0.408603730302168,0.4766726943942134,0.6653887884267631,133,282.0,0.00021493449542263265,5.0,open_to_open
Random Forest_classification_5d,classification,5,Random Forest,2765,-0.1048631351193533,-0.010045485732291914,-0.02376821107517496,-0.28940100242970335,0.4368896925858951,0.5855334538878842,142,316.8,4.592561501156798e-05,5.0,open_to_open
Gradient Boosting_classification_5d,classification,5,Gradient Boosting,2765,-0.1977713337505944,-0.019883256221803425,-0.06290106155648863,-0.3981094002655601,0.45099457504520796,0.6156962025316456,133,317.20000000000005,2.0621607688566183e-05,5.0,open_to_open
XGBoost_classification_5d,classification,5,XGBoost,2765,0.060138839911933806,0.005336710540748024,0.10725599892890668,-0.32446188219877947,0.46799276672694395,0.6128028933092224,128,304.79999999999995,0.00011357713921565134,5.0,open_to_open
LightGBM_classification_5d,classification,5,LightGBM,2765,-0.29945103011386265,-0.0319152425863255,-0.1542255505924859,-0.5423975195479807,0.46148282097649185,0.6045569620253165,147,354.4,-2.3754589332585025e-05,5.0,open_to_open
CatBoost_classification_5d,classification,5,CatBoost,2765,-0.19212037794785508,-0.01925603500184836,-0.05552966648618199,-0.4104275226092746,0.4459312839059674,0.6023146473779385,129,285.2,1.8679953718796315e-05,5.0,open_to_open
Ridge Regression_regression_5d,regression,5,Ridge Regression,2765,-0.053376748034353216,-0.0049868848386325215,0.04763083843721723,-0.4300556574801143,0.4918625678119349,0.7827848101265822,1,322.8,8.835859202044246e-05,5.0,open_to_open
Random Forest_regression_5d,regression,5,Random Forest,2765,0.16995918994321446,0.014408844282358224,0.1691669597891008,-0.3736782066645311,0.5215189873417722,0.8438336347197106,1,212.0,0.00015004404363044404,5.0,open_to_open
Gradient Boosting_regression_5d,regression,5,Gradient Boosting,2765,-0.37775910138847735,-0.04231752756696716,-0.18204968090755885,-0.5785011520847969,0.5084990958408679,0.8292224231464739,1,235.59999999999997,-7.570784407697985e-05,5.0,open_to_open
XGBoost_regression_5d,regression,5,XGBoost,2765,-0.44024813862725787,-0.05151054807394917,-0.24339732572440678,-0.6044369024018581,0.5001808318264015,0.8347197106690778,1,217.6,-0.0001178694219590759,5.0,open_to_open
LightGBM_regression_5d,regression,5,LightGBM,2765,-0.48182717887935334,-0.05815934156319069,-0.3050519702455877,-0.5715534424972799,0.488245931283906,0.7541410488245931,1,316.8,-0.0001319405159697212,5.0,open_to_open
CatBoost_regression_5d,regression,5,CatBoost,2765,-0.0894661455643424,-0.00850557342803171,0.03357218024915581,-0.464141434485171,0.5113924050632911,0.8677034358047016,2,187.59999999999997,5.636051899624703e-05,5.0,open_to_open
buy_and_hold_5d_window,benchmark,5,Buy & Hold,2765,1.0558697200414664,0.0678891656344458,0.4419253793926045,-0.523405916606722,0.5537070524412296,1.0,1,1.0,0.00033187674888397793,0.0,open_to_open
