series,count,mean,std,min,q01,q05,q25,median,q75,q95,q99,max,skew,excess_kurtosis,iqr_outliers_1_5
raw.Date,3522,1330066646678023.8,127474061584242.88,1109548800000000.0,1113886944000000.0,1131325920000000.0,1219730400000000.0,1329998400000000.0,1440439200000000.0,1528757280000000.0,1546455456000000.0,1551052800000000.0,0.000131939861902243,-1.2001181619854169,0
raw.Open,3522,1648.9868899318567,536.0136469994673,679.280029,818.0806984300001,942.08100555,1253.3300175,1440.820007,2062.89245575,2715.2114748999998,2860.84300029,2936.76001,0.6529255214868019,-0.6133501483574526,0
raw.High,3522,1657.8608974809765,536.5644667561321,695.27002,833.21938315,951.6224944,1260.83245825,1448.98999,2073.7575685,2731.24150415,2870.23369852,2940.909912,0.659868758206775,-0.6101273764968438,0
raw.Low,3522,1639.4636858128904,535.2596230928817,666.789978,806.09310406,927.28852815,1241.85751325,1432.819946,2051.06500225,2699.3583864,2853.83264139,2927.110107,0.6451233032597395,-0.6170359590274059,0
raw.Close,3522,1649.2807009707553,535.9914735653886,676.530029,817.61911381,940.5594881,1253.54251125,1440.6849975,2063.3676145,2713.2119754,2858.2924510000003,2930.75,0.6517669204708161,-0.6158633748826148,0
raw.Adj Close,3522,1649.2807009707553,535.9914735653886,676.530029,817.61911381,940.5594881,1253.54251125,1440.6849975,2063.3676145,2713.2119754,2858.2924510000003,2930.75,0.6517669204708161,-0.6158633748826148,0
raw.Volume,3522,3721701183.9863715,1214791796.672809,724940000.0,1542236600.0,1985467500.0,3006732500.0,3566860000.0,4232967500.0,6034138500.0,7607267000.0,11456230000.0,1.154197113326151,2.8761307256811923,173
close_to_close_return_1d,3521,0.0003095358573174034,0.011833570327492752,-0.09034977815503076,-0.03466144664866129,-0.01811379000949187,-0.0038951746537292387,0.0006762010926872897,0.005353731681456031,0.016480439087318555,0.03380603269389152,0.11580036960722695,-0.1208864278310351,11.865473570236286,305
return_3d,3519,0.0008881963987934553,0.018649226960805988,-0.1390589653739892,-0.05710742530338857,-0.029844339106208605,-0.006912550236449544,0.0021915408964170435,0.010258892911965911,0.027353196257053587,0.04846360877887513,0.13947957673839873,-0.4751408157765064,6.439422392966401,220
return_5d,3517,0.0014633060935480115,0.02345662908206555,-0.18340097702675418,-0.06891731529336426,-0.03781860298466344,-0.008397414223971778,0.0030825494384747465,0.013662576245975,0.033540147626438484,0.05816231759416221,0.1911115671917718,-0.7554411825999429,8.050223421056087,223
rolling_vol_20d,3502,0.1548054785702663,0.11008205773554444,0.03288481527821502,0.04852597945466414,0.06113447429447046,0.08846076733349931,0.12440641561177948,0.1829641988668714,0.3244839269644687,0.709172599339347,0.8602991699019535,3.035233022109811,12.71229239216533,175
rsi_14,3508,54.48194531418056,11.107627484763308,16.457583919090354,28.354284445006144,34.835837859927665,46.532871406096135,55.558826891034094,62.91186150368888,70.94444726809559,76.66161714740979,86.68664976243195,-0.30443517431541106,-0.31791549540762887,5
zscore_close_20d,3503,0.32165926648825943,1.263490392729632,-3.769381539529975,-2.6832179950473884,-2.000776786814969,-0.640159422256851,0.6479234252314404,1.3351248249202408,1.9329921941482544,2.3290771841458193,3.0828867610828854,-0.5915544016278724,-0.5476202099475094,2
volume_ratio_20d,3503,1.0045354548648773,0.17688082734742203,0.22214199936908766,0.5038166589135441,0.7583177762320432,0.9049525132349636,0.9923855150946386,1.091577630796481,1.2961136335324972,1.5482550004452937,2.005538993306511,0.37490125468911656,3.1728563323113295,177
