metric,value
conditions,118
candidate_rules,1223054
1.train_rows,2465
1.base_up_rate,0.5521298174442191
1.base_down_rate,0.44746450304259633
1.eligible_rule_count,4198
1.eligible_directional_tests,8396
3.train_rows,2465
3.base_up_rate,0.5728194726166329
3.base_down_rate,0.42718052738336715
3.eligible_rule_count,4198
3.eligible_directional_tests,8396
5.train_rows,2465
5.base_up_rate,0.5703853955375253
5.base_down_rate,0.4292089249492901
5.eligible_rule_count,4198
5.eligible_directional_tests,8396
hypotheses_tested,25188
discovery_start,"""2005-02-28"""
discovery_end,"""2014-12-10"""
holdout_start,"""2014-12-11"""
holdout_end,"""2019-02-25"""
min_cases,100
max_conditions,4
max_holdout_rules,100
holdout_candidates_tested,100
holdout_candidates_with_100_cases,42
validated_patterns,0
train_nominal_p_le_05_directional_tests,1867
train_bh_q_le_05_directional_tests,13
