feature,importance_type,importance_mean,importance_std,model
return_1d,permutation_roc_auc,0.007081647860336415,0.00902068910296959,Logistic Regression
return_3d,permutation_roc_auc,-0.004194166489248441,0.005830225728111358,Logistic Regression
return_5d,permutation_roc_auc,0.001349265488609741,0.006351721465327678,Logistic Regression
return_10d,permutation_roc_auc,0.00032201405152226803,0.0063660602070144635,Logistic Regression
return_20d,permutation_roc_auc,-0.000827655950606776,0.001940949543550091,Logistic Regression
rolling_vol_5d,permutation_roc_auc,0.00012241856504151548,0.002688418086549765,Logistic Regression
rolling_vol_10d,permutation_roc_auc,-0.008194060038322315,0.0071697652360369095,Logistic Regression
rolling_vol_20d,permutation_roc_auc,-0.005210772833723643,0.006235861043613712,Logistic Regression
volatility_ratio_20_60,permutation_roc_auc,-0.0009500745156482803,0.003639699448798789,Logistic Regression
atr_pct_14d,permutation_roc_auc,0.0031190121354055743,0.009339937468152901,Logistic Regression
dist_sma_5d,permutation_roc_auc,-0.008058335107515436,0.0067450418258865556,Logistic Regression
dist_sma_10d,permutation_roc_auc,4.258037044924112e-05,0.0010715846933671473,Logistic Regression
dist_sma_20d,permutation_roc_auc,-0.0030338513945071255,0.019464159596404754,Logistic Regression
dist_sma_50d,permutation_roc_auc,-0.006131573344688101,0.012321437190573034,Logistic Regression
dist_sma_200d,permutation_roc_auc,-0.01246008090270384,0.009892276998596345,Logistic Regression
slope_sma_5d,permutation_roc_auc,-0.0012082180114966756,0.0061390582272556294,Logistic Regression
slope_sma_10d,permutation_roc_auc,-0.006424313391526537,0.010216431104783999,Logistic Regression
slope_sma_20d,permutation_roc_auc,0.00028475622737920145,0.0007505828305162459,Logistic Regression
slope_sma_50d,permutation_roc_auc,0.0026213540557803007,0.01612841315524,Logistic Regression
slope_sma_200d,permutation_roc_auc,0.0017617628273365882,0.0027463462149714124,Logistic Regression
rsi_14,permutation_roc_auc,-0.007768256333830092,0.02510654232435626,Logistic Regression
roc_10d,permutation_roc_auc,0.00032201405152226803,0.0063660602070144635,Logistic Regression
roc_20d,permutation_roc_auc,-0.000827655950606776,0.001940949543550091,Logistic Regression
macd_pct,permutation_roc_auc,-0.0025228869491164428,0.005182077661208177,Logistic Regression
macd_signal_pct,permutation_roc_auc,-0.0030045773898232818,0.005727857409837571,Logistic Regression
macd_hist_pct,permutation_roc_auc,-0.00039919097296143847,0.0016136403234570788,Logistic Regression
zscore_close_20d,permutation_roc_auc,-0.020161805407707047,0.01547536036328174,Logistic Regression
day_of_week,permutation_roc_auc,0.0008223334043006236,0.0015436623106667394,Logistic Regression
day_of_month,permutation_roc_auc,-0.02007398339365548,0.008455232117027776,Logistic Regression
week_of_year,permutation_roc_auc,-0.009162763466042145,0.010704127606378584,Logistic Regression
month_of_year,permutation_roc_auc,-0.0014370875026612385,0.0029869160566746806,Logistic Regression
dow_sin,permutation_roc_auc,-0.00615020225675963,0.003277791950414051,Logistic Regression
dow_cos,permutation_roc_auc,-0.008183414945710033,0.003505130126668265,Logistic Regression
month_sin,permutation_roc_auc,-0.005689802001277377,0.007069032830670093,Logistic Regression
month_cos,permutation_roc_auc,-0.00507238662976367,0.006772516135268657,Logistic Regression
day_of_month_sin,permutation_roc_auc,-0.004138279753033836,0.01171155835069145,Logistic Regression
day_of_month_cos,permutation_roc_auc,-1.5967638918468196e-05,0.0004810504277735885,Logistic Regression
pre_holiday,permutation_roc_auc,-0.007866723440493929,0.006611972647371197,Logistic Regression
post_holiday,permutation_roc_auc,-0.00410634447519691,0.005678876308265643,Logistic Regression
month_start_3,permutation_roc_auc,0.0018256333830104388,0.0029126221318667377,Logistic Regression
month_end_3,permutation_roc_auc,0.0001889503938684256,0.010089210490034266,Logistic Regression
volume_spike,permutation_roc_auc,0.0,0.0,Logistic Regression
volume_ratio_20d,permutation_roc_auc,-0.000548222269533738,0.0025732928888579855,Logistic Regression
obv_slope_20d,permutation_roc_auc,-0.0061289120715350195,0.010495909492510802,Logistic Regression
return_1d,shap_mean_abs,0.03908083318266499,,Logistic Regression
return_3d,shap_mean_abs,0.018523352131666587,,Logistic Regression
return_5d,shap_mean_abs,0.014420727402780683,,Logistic Regression
return_10d,shap_mean_abs,0.01364681434332107,,Logistic Regression
return_20d,shap_mean_abs,0.0038854686166036943,,Logistic Regression
rolling_vol_5d,shap_mean_abs,0.007803210196898993,,Logistic Regression
rolling_vol_10d,shap_mean_abs,0.016139287734166907,,Logistic Regression
rolling_vol_20d,shap_mean_abs,0.0123499647278423,,Logistic Regression
volatility_ratio_20_60,shap_mean_abs,0.01088551563456312,,Logistic Regression
atr_pct_14d,shap_mean_abs,0.015700071277176104,,Logistic Regression
dist_sma_5d,shap_mean_abs,0.029163096755243128,,Logistic Regression
dist_sma_10d,shap_mean_abs,0.002007282307885248,,Logistic Regression
dist_sma_20d,shap_mean_abs,0.04586275277968105,,Logistic Regression
dist_sma_50d,shap_mean_abs,0.02093759414093957,,Logistic Regression
dist_sma_200d,shap_mean_abs,0.028645550619156624,,Logistic Regression
slope_sma_5d,shap_mean_abs,0.012130968688309037,,Logistic Regression
slope_sma_10d,shap_mean_abs,0.031264412130113,,Logistic Regression
slope_sma_20d,shap_mean_abs,0.0009687807494751135,,Logistic Regression
slope_sma_50d,shap_mean_abs,0.024008650202924108,,Logistic Regression
slope_sma_200d,shap_mean_abs,0.00731255801930666,,Logistic Regression
rsi_14,shap_mean_abs,0.16204625177476617,,Logistic Regression
roc_10d,shap_mean_abs,0.01364681434332107,,Logistic Regression
roc_20d,shap_mean_abs,0.0038854686166036943,,Logistic Regression
macd_pct,shap_mean_abs,0.009229597496919394,,Logistic Regression
macd_signal_pct,shap_mean_abs,0.010400788029586824,,Logistic Regression
macd_hist_pct,shap_mean_abs,0.004598749386396159,,Logistic Regression
zscore_close_20d,shap_mean_abs,0.10276784456443558,,Logistic Regression
day_of_week,shap_mean_abs,0.014170580095755293,,Logistic Regression
day_of_month,shap_mean_abs,0.13300161544936515,,Logistic Regression
week_of_year,shap_mean_abs,0.030210553999167996,,Logistic Regression
month_of_year,shap_mean_abs,0.007235484897706048,,Logistic Regression
dow_sin,shap_mean_abs,0.04269657370707994,,Logistic Regression
dow_cos,shap_mean_abs,0.04354568483722664,,Logistic Regression
month_sin,shap_mean_abs,0.024709093023450784,,Logistic Regression
month_cos,shap_mean_abs,0.08926662039041515,,Logistic Regression
day_of_month_sin,shap_mean_abs,0.1352343295728917,,Logistic Regression
day_of_month_cos,shap_mean_abs,0.0035512435369538992,,Logistic Regression
pre_holiday,shap_mean_abs,0.023831349813870688,,Logistic Regression
post_holiday,shap_mean_abs,0.017164858613762945,,Logistic Regression
month_start_3,shap_mean_abs,0.02685974689577753,,Logistic Regression
month_end_3,shap_mean_abs,0.06479518230468492,,Logistic Regression
volume_spike,shap_mean_abs,0.0,,Logistic Regression
volume_ratio_20d,shap_mean_abs,0.008578470312695142,,Logistic Regression
obv_slope_20d,shap_mean_abs,0.037348123127211016,,Logistic Regression
