task,horizon,model,fold,train_n,test_n,train_end,test_start,test_end,oos_observations,positive_rate,baseline_accuracy,accuracy,precision,recall,f1,roc_auc,mae,rmse,r2,directional_accuracy,spearman_ic
classification,1,Logistic Regression,1,556,552,2008-03-05,2008-03-07,2010-05-14,552,0.5471014492753623,0.5471014492753623,0.5108695652173914,0.6095890410958904,0.2947019867549669,0.39732142857142855,0.5575496688741721,,,,,
classification,1,Logistic Regression,2,1108,552,2010-05-13,2010-05-17,2012-07-23,552,0.5434782608695652,0.5434782608695652,0.5416666666666666,0.5552941176470588,0.7866666666666666,0.6510344827586206,0.5332804232804234,,,,,
classification,1,Logistic Regression,3,1660,552,2012-07-20,2012-07-24,2014-10-02,552,0.5670289855072463,0.5670289855072463,0.5380434782608695,0.5677570093457944,0.7763578274760383,0.6558704453441295,0.5107276057053485,,,,,
classification,1,Logistic Regression,4,2212,552,2014-10-01,2014-10-03,2016-12-09,552,0.5054347826086957,0.5054347826086957,0.5072463768115942,0.5069860279441117,0.910394265232975,0.6512820512820513,0.5120458991426733,,,,,
classification,1,Logistic Regression,5,2764,552,2016-12-08,2016-12-12,2019-02-22,552,0.5579710144927537,0.5579710144927537,0.5072463768115942,0.5424528301886793,0.7467532467532467,0.6284153005464481,0.46163774749840325,,,,,
classification,1,Random Forest,1,556,552,2008-03-05,2008-03-07,2010-05-14,552,0.5471014492753623,0.5471014492753623,0.5344202898550725,0.574750830564784,0.5728476821192053,0.5737976782752903,0.5334701986754967,,,,,
classification,1,Random Forest,2,1108,552,2010-05-13,2010-05-17,2012-07-23,552,0.5434782608695652,0.5434782608695652,0.5307971014492754,0.5524296675191815,0.72,0.6251808972503617,0.49523809523809526,,,,,
classification,1,Random Forest,3,1660,552,2012-07-20,2012-07-24,2014-10-02,552,0.5670289855072463,0.5670289855072463,0.5253623188405797,0.5539112050739958,0.8370607028753994,0.6666666666666666,0.45114761987514534,,,,,
classification,1,Random Forest,4,2212,552,2014-10-01,2014-10-03,2016-12-09,552,0.5054347826086957,0.5054347826086957,0.49818840579710144,0.5019157088122606,0.9390681003584229,0.6541822721598003,0.5176520015229693,,,,,
classification,1,Random Forest,5,2764,552,2016-12-08,2016-12-12,2019-02-22,552,0.5579710144927537,0.5579710144927537,0.519927536231884,0.559228650137741,0.6590909090909091,0.6050670640834576,0.5163801362571855,,,,,
classification,1,Gradient Boosting,1,556,552,2008-03-05,2008-03-07,2010-05-14,552,0.5471014492753623,0.5471014492753623,0.5144927536231884,0.5555555555555556,0.5629139072847682,0.5592105263157895,0.514430463576159,,,,,
classification,1,Gradient Boosting,2,1108,552,2010-05-13,2010-05-17,2012-07-23,552,0.5434782608695652,0.5434782608695652,0.5235507246376812,0.5461346633416458,0.73,0.6248216833095578,0.5007142857142858,,,,,
classification,1,Gradient Boosting,3,1660,552,2012-07-20,2012-07-24,2014-10-02,552,0.5670289855072463,0.5670289855072463,0.5235507246376812,0.5550660792951542,0.805111821086262,0.6571056062581486,0.45619393906987316,,,,,
classification,1,Gradient Boosting,4,2212,552,2014-10-01,2014-10-03,2016-12-09,552,0.5054347826086957,0.5054347826086957,0.4927536231884058,0.49902912621359224,0.921146953405018,0.6473551637279596,0.4976433363530138,,,,,
classification,1,Gradient Boosting,5,2764,552,2016-12-08,2016-12-12,2019-02-22,552,0.5579710144927537,0.5579710144927537,0.519927536231884,0.5616045845272206,0.6363636363636364,0.5966514459665144,0.5069658824781775,,,,,
classification,1,XGBoost,1,556,552,2008-03-05,2008-03-07,2010-05-14,552,0.5471014492753623,0.5471014492753623,0.5543478260869565,0.5838323353293413,0.6456953642384106,0.6132075471698113,0.5461059602649007,,,,,
classification,1,XGBoost,2,1108,552,2010-05-13,2010-05-17,2012-07-23,552,0.5434782608695652,0.5434782608695652,0.5090579710144928,0.5390835579514824,0.6666666666666666,0.5961251862891207,0.4966666666666667,,,,,
classification,1,XGBoost,3,1660,552,2012-07-20,2012-07-24,2014-10-02,552,0.5670289855072463,0.5670289855072463,0.5307971014492754,0.5608108108108109,0.7955271565495208,0.6578599735799208,0.4664937773203042,,,,,
classification,1,XGBoost,4,2212,552,2014-10-01,2014-10-03,2016-12-09,552,0.5054347826086957,0.5054347826086957,0.5163043478260869,0.5119047619047619,0.9247311827956989,0.6590038314176245,0.5050612469967308,,,,,
classification,1,XGBoost,5,2764,552,2016-12-08,2016-12-12,2019-02-22,552,0.5579710144927537,0.5579710144927537,0.532608695652174,0.5584112149532711,0.775974025974026,0.6494565217391305,0.5082565999574197,,,,,
classification,1,LightGBM,1,556,552,2008-03-05,2008-03-07,2010-05-14,552,0.5471014492753623,0.5471014492753623,0.5217391304347826,0.5664335664335665,0.5364238410596026,0.5510204081632653,0.5378874172185432,,,,,
classification,1,LightGBM,2,1108,552,2010-05-13,2010-05-17,2012-07-23,552,0.5434782608695652,0.5434782608695652,0.5380434782608695,0.5596816976127321,0.7033333333333334,0.6233382570162481,0.5100661375661376,,,,,
classification,1,LightGBM,3,1660,552,2012-07-20,2012-07-24,2014-10-02,552,0.5670289855072463,0.5670289855072463,0.5253623188405797,0.56,0.7603833865814696,0.6449864498644986,0.45172911625917367,,,,,
classification,1,LightGBM,4,2212,552,2014-10-01,2014-10-03,2016-12-09,552,0.5054347826086957,0.5054347826086957,0.5163043478260869,0.512,0.9175627240143369,0.6572528883183568,0.4940459779169456,,,,,
classification,1,LightGBM,5,2764,552,2016-12-08,2016-12-12,2019-02-22,552,0.5579710144927537,0.5579710144927537,0.5452898550724637,0.5776566757493188,0.6883116883116883,0.6281481481481481,0.5062606450926124,,,,,
classification,1,CatBoost,1,556,552,2008-03-05,2008-03-07,2010-05-14,552,0.5471014492753623,0.5471014492753623,0.5289855072463768,0.5664556962025317,0.5927152317880795,0.5792880258899676,0.5091523178807946,,,,,
classification,1,CatBoost,2,1108,552,2010-05-13,2010-05-17,2012-07-23,552,0.5434782608695652,0.5434782608695652,0.5380434782608695,0.5544794188861986,0.7633333333333333,0.6423562412342216,0.4998677248677249,,,,,
classification,1,CatBoost,3,1660,552,2012-07-20,2012-07-24,2014-10-02,552,0.5670289855072463,0.5670289855072463,0.5362318840579711,0.5592515592515592,0.8594249201277955,0.6775818639798489,0.4679775956795488,,,,,
classification,1,CatBoost,4,2212,552,2014-10-01,2014-10-03,2016-12-09,552,0.5054347826086957,0.5054347826086957,0.5126811594202898,0.5096153846153846,0.9498207885304659,0.6633291614518148,0.5175207110690981,,,,,
classification,1,CatBoost,5,2764,552,2016-12-08,2016-12-12,2019-02-22,552,0.5579710144927537,0.5579710144927537,0.5561594202898551,0.5727482678983834,0.8051948051948052,0.6693657219973009,0.516433361720247,,,,,
regression,1,Ridge Regression,1,556,552,2008-03-05,2008-03-07,2010-05-14,552,0.5471014492753623,0.5471014492753623,0.5108695652173914,0.6538461538461539,0.2251655629139073,0.33497536945812806,0.5518675496688743,0.01789312396247531,0.025076398025678653,-0.4124342945669721,0.5108695652173914,0.038432435062567695
regression,1,Ridge Regression,2,1108,552,2010-05-13,2010-05-17,2012-07-23,552,0.5434782608695652,0.5434782608695652,0.5235507246376812,0.5703422053231939,0.5,0.5328596802841918,0.5154497354497355,0.00919196281498,0.01283316847612911,-0.07203655416411214,0.5235507246376812,0.03216581963134736
regression,1,Ridge Regression,3,1660,552,2012-07-20,2012-07-24,2014-10-02,552,0.5670289855072463,0.5670289855072463,0.5380434782608695,0.6035714285714285,0.5399361022364217,0.5699831365935919,0.5137353456227358,0.005583159017695498,0.007303786454379179,-0.10573965384711403,0.5380434782608695,0.007002470973516763
regression,1,Ridge Regression,4,2212,552,2014-10-01,2014-10-03,2016-12-09,552,0.5054347826086957,0.5054347826086957,0.5018115942028986,0.505586592178771,0.6487455197132617,0.5682888540031397,0.5023697926923734,0.0067487852177905315,0.009222749004544716,-0.03150164832385349,0.5018115942028986,0.0019340287027895591
regression,1,Ridge Regression,5,2764,552,2016-12-08,2016-12-12,2019-02-22,552,0.5579710144927537,0.5579710144927537,0.4782608695652174,0.5304878048780488,0.564935064935065,0.5471698113207547,0.4548781136895891,0.005613129886458949,0.008482598881225174,-0.07041783399521084,0.4782608695652174,-0.031713633047376566
regression,1,Random Forest,1,556,552,2008-03-05,2008-03-07,2010-05-14,552,0.5471014492753623,0.5471014492753623,0.48188405797101447,0.5444444444444444,0.32450331125827814,0.4066390041493776,0.5332582781456954,0.014134002533639537,0.021010509877862855,0.008457968881432798,0.48188405797101447,0.0837015345948421
regression,1,Random Forest,2,1108,552,2010-05-13,2010-05-17,2012-07-23,552,0.5434782608695652,0.5434782608695652,0.4601449275362319,0.5043103448275862,0.39,0.4398496240601504,0.48392857142857143,0.00877282668440411,0.012487173730340945,-0.015009507974415026,0.4601449275362319,-0.0046156136612789615
regression,1,Random Forest,3,1660,552,2012-07-20,2012-07-24,2014-10-02,552,0.5670289855072463,0.5670289855072463,0.5380434782608695,0.5627705627705628,0.8306709265175719,0.6709677419354839,0.49239375994225143,0.005216471211404073,0.0069685073168603015,-0.006552127939630337,0.5380434782608695,0.01627660892478543
regression,1,Random Forest,4,2212,552,2014-10-01,2014-10-03,2016-12-09,552,0.5054347826086957,0.5054347826086957,0.48188405797101447,0.4924078091106291,0.8136200716845878,0.6135135135135135,0.49009413525542556,0.0065736092121198965,0.009123710506359444,-0.009467033659402713,0.48188405797101447,-0.012942773334200481
regression,1,Random Forest,5,2764,552,2016-12-08,2016-12-12,2019-02-22,552,0.5579710144927537,0.5579710144927537,0.5652173913043478,0.568,0.922077922077922,0.7029702970297029,0.5393868426655312,0.005234121662034647,0.008056452227595422,0.03443137202269908,0.5652173913043478,0.061936975910619425
regression,1,Gradient Boosting,1,556,552,2008-03-05,2008-03-07,2010-05-14,552,0.5471014492753623,0.5471014492753623,0.5072463768115942,0.5477707006369427,0.5695364238410596,0.5584415584415584,0.488205298013245,0.014160619177027961,0.021097233580700772,0.00025562967078029963,0.5072463768115942,0.0539774636074984
regression,1,Gradient Boosting,2,1108,552,2010-05-13,2010-05-17,2012-07-23,552,0.5434782608695652,0.5434782608695652,0.5235507246376812,0.5555555555555556,0.6166666666666667,0.584518167456556,0.49732142857142864,0.00877687705174068,0.012493686740430521,-0.01606859329155541,0.5235507246376812,0.023210763026462872
regression,1,Gradient Boosting,3,1660,552,2012-07-20,2012-07-24,2014-10-02,552,0.5670289855072463,0.5670289855072463,0.5561594202898551,0.56640625,0.9265175718849841,0.703030303030303,0.5018581148822971,0.0051922019531196895,0.006941526672869413,0.0012271135465391492,0.5561594202898551,0.02165657048543651
regression,1,Gradient Boosting,4,2212,552,2014-10-01,2014-10-03,2016-12-09,552,0.5054347826086957,0.5054347826086957,0.5054347826086957,0.5057692307692307,0.942652329749104,0.6583229036295369,0.5085076214108473,0.0065733803994090885,0.009154274034567715,-0.016241591264261723,0.5054347826086957,0.009689176702619673
regression,1,Gradient Boosting,5,2764,552,2016-12-08,2016-12-12,2019-02-22,552,0.5579710144927537,0.5579710144927537,0.5416666666666666,0.5536062378167641,0.922077922077922,0.6918392204628502,0.5150827655950606,0.005251707718405461,0.008092078709433126,0.025872797599224895,0.5416666666666666,0.01759674949364514
regression,1,XGBoost,1,556,552,2008-03-05,2008-03-07,2010-05-14,552,0.5471014492753623,0.5471014492753623,0.4927536231884058,0.5611111111111111,0.3344370860927152,0.4190871369294606,0.525317880794702,0.014211154446090708,0.02105858599607264,0.00391509670050072,0.4927536231884058,0.09363209016563548
regression,1,XGBoost,2,1108,552,2010-05-13,2010-05-17,2012-07-23,552,0.5434782608695652,0.5434782608695652,0.47282608695652173,0.5157894736842106,0.49,0.5025641025641026,0.47615079365079366,0.008832981592997717,0.01267969636299025,-0.046548862554832926,0.47282608695652173,-0.006349449751297535
regression,1,XGBoost,3,1660,552,2012-07-20,2012-07-24,2014-10-02,552,0.5670289855072463,0.5670289855072463,0.5706521739130435,0.576,0.9201277955271565,0.7084870848708487,0.5100993222559386,0.005209313706123103,0.006960708843143005,-0.004300518600253156,0.5706521739130435,0.02981196823002657
regression,1,XGBoost,4,2212,552,2014-10-01,2014-10-03,2016-12-09,552,0.5054347826086957,0.5054347826086957,0.48188405797101447,0.49290060851926976,0.8709677419354839,0.6295336787564767,0.49692780337941633,0.006565049658206252,0.009127648502284025,-0.010338638467704442,0.48188405797101447,-0.02037209839995468
regression,1,XGBoost,5,2764,552,2016-12-08,2016-12-12,2019-02-22,552,0.5579710144927537,0.5579710144927537,0.5507246376811594,0.5583657587548638,0.9318181818181818,0.6982968369829684,0.5077642644241005,0.005287650822893876,0.008130759224664117,0.01653779261185817,0.5507246376811594,-0.005168290388006319
regression,1,LightGBM,1,556,552,2008-03-05,2008-03-07,2010-05-14,552,0.5471014492753623,0.5471014492753623,0.48188405797101447,0.536036036036036,0.39403973509933776,0.4541984732824427,0.5024039735099338,0.014354052747243056,0.02115743849943361,-0.005458428468769316,0.48188405797101447,0.06374825547317625
regression,1,LightGBM,2,1108,552,2010-05-13,2010-05-17,2012-07-23,552,0.5434782608695652,0.5434782608695652,0.47282608695652173,0.5203619909502263,0.38333333333333336,0.44145873320537427,0.4698875661375661,0.00893430649886157,0.012851632298381616,-0.075123575382672,0.47282608695652173,-0.0269262335644128
regression,1,LightGBM,3,1660,552,2012-07-20,2012-07-24,2014-10-02,552,0.5670289855072463,0.5670289855072463,0.5398550724637681,0.5645514223194749,0.8242811501597445,0.6701298701298701,0.5219565013969281,0.005216274379428863,0.006966763512130984,-0.006048430184546039,0.5398550724637681,0.06251362770145374
regression,1,LightGBM,4,2212,552,2014-10-01,2014-10-03,2016-12-09,552,0.5054347826086957,0.5054347826086957,0.5054347826086957,0.5058139534883721,0.9354838709677419,0.6566037735849056,0.5464374335342077,0.006568732229006613,0.009159570205745239,-0.017417816998286595,0.5054347826086957,0.08202141531414121
regression,1,LightGBM,5,2764,552,2016-12-08,2016-12-12,2019-02-22,552,0.5579710144927537,0.5579710144927537,0.5380434782608695,0.5557894736842105,0.8571428571428571,0.6743295019157088,0.5219288907813496,0.005297516634260625,0.00811240878968526,0.02097196500913978,0.5380434782608695,0.03912837598351116
regression,1,CatBoost,1,556,552,2008-03-05,2008-03-07,2010-05-14,552,0.5471014492753623,0.5471014492753623,0.4927536231884058,0.5462184873949579,0.4304635761589404,0.48148148148148145,0.5106490066225166,0.014163315503811837,0.021037029133882234,0.005953360307306754,0.4927536231884058,0.0941939328232524
regression,1,CatBoost,2,1108,552,2010-05-13,2010-05-17,2012-07-23,552,0.5434782608695652,0.5434782608695652,0.46557971014492755,0.5221238938053098,0.19666666666666666,0.2857142857142857,0.4883465608465608,0.008716922642992038,0.01249648739910839,-0.016524180234364527,0.46557971014492755,-0.001900282370473657
regression,1,CatBoost,3,1660,552,2012-07-20,2012-07-24,2014-10-02,552,0.5670289855072463,0.5670289855072463,0.5561594202898551,0.5688259109311741,0.8977635782747604,0.6964064436183395,0.5075059820605023,0.005217076142004318,0.006969844092465182,-0.00693834074707067,0.5561594202898551,-0.0029035401400850924
regression,1,CatBoost,4,2212,552,2014-10-01,2014-10-03,2016-12-09,552,0.5054347826086957,0.5054347826086957,0.5144927536231884,0.5104761904761905,0.9605734767025089,0.6666666666666666,0.49698688408365826,0.00654121354351466,0.009092319080986412,-0.002532553560461226,0.5144927536231884,-0.0011205494616354141
regression,1,CatBoost,5,2764,552,2016-12-08,2016-12-12,2019-02-22,552,0.5579710144927537,0.5579710144927537,0.552536231884058,0.5599214145383105,0.9253246753246753,0.6976744186046512,0.5225143708750266,0.005270976531733905,0.008172230298068656,0.006479876703671894,0.552536231884058,0.029486874531707206
classification,5,Logistic Regression,1,548,552,2008-02-22,2008-03-03,2010-05-10,552,0.5416666666666666,0.5416666666666666,0.5108695652173914,0.6028368794326241,0.2842809364548495,0.38636363636363635,0.534085951855328,,,,,
classification,5,Logistic Regression,2,1100,552,2010-05-03,2010-05-11,2012-07-17,552,0.5778985507246377,0.5778985507246377,0.5380434782608695,0.5855614973262032,0.6865203761755486,0.6320346320346321,0.5249505563254269,,,,,
classification,5,Logistic Regression,3,1652,552,2012-07-10,2012-07-18,2014-09-26,552,0.6105072463768116,0.6105072463768116,0.5307971014492754,0.5906976744186047,0.7537091988130564,0.6623207301173403,0.4566282520184942,,,,,
classification,5,Logistic Regression,4,2204,552,2014-09-19,2014-09-29,2016-12-05,552,0.5815217391304348,0.5815217391304348,0.5887681159420289,0.5936254980079682,0.9283489096573209,0.724179829890644,0.5503364755701204,,,,,
classification,5,Logistic Regression,5,2756,552,2016-11-28,2016-12-06,2019-02-15,552,0.6340579710144928,0.6340579710144928,0.605072463768116,0.6453744493392071,0.8371428571428572,0.7288557213930348,0.5066902404526167,,,,,
classification,5,Random Forest,1,548,552,2008-02-22,2008-03-03,2010-05-10,552,0.5416666666666666,0.5416666666666666,0.4927536231884058,0.5294117647058824,0.5719063545150501,0.5498392282958199,0.5087974407445106,,,,,
classification,5,Random Forest,2,1100,552,2010-05-03,2010-05-11,2012-07-17,552,0.5778985507246377,0.5778985507246377,0.5054347826086957,0.5646067415730337,0.6300940438871473,0.5955555555555555,0.48218009606199635,,,,,
classification,5,Random Forest,3,1652,552,2012-07-10,2012-07-18,2014-09-26,552,0.6105072463768116,0.6105072463768116,0.532608695652174,0.5891647855530474,0.7744807121661721,0.6692307692307692,0.4437650955765648,,,,,
classification,5,Random Forest,4,2204,552,2014-09-19,2014-09-29,2016-12-05,552,0.5815217391304348,0.5815217391304348,0.5996376811594203,0.5954198473282443,0.9719626168224299,0.7384615384615385,0.5354479373170962,,,,,
classification,5,Random Forest,5,2756,552,2016-11-28,2016-12-06,2019-02-15,552,0.6340579710144928,0.6340579710144928,0.4927536231884058,0.6143790849673203,0.5371428571428571,0.573170731707317,0.479009900990099,,,,,
classification,5,Gradient Boosting,1,548,552,2008-02-22,2008-03-03,2010-05-10,552,0.5416666666666666,0.5416666666666666,0.48188405797101447,0.5207667731629393,0.5451505016722408,0.5326797385620915,0.4779436064880299,,,,,
classification,5,Gradient Boosting,2,1100,552,2010-05-03,2010-05-11,2012-07-17,552,0.5778985507246377,0.5778985507246377,0.48731884057971014,0.5497237569060773,0.6238244514106583,0.5844346549192364,0.4652817953099143,,,,,
classification,5,Gradient Boosting,3,1652,552,2012-07-10,2012-07-18,2014-09-26,552,0.6105072463768116,0.6105072463768116,0.5471014492753623,0.5960264900662252,0.8011869436201781,0.6835443037974683,0.4624180525843627,,,,,
classification,5,Gradient Boosting,4,2204,552,2014-09-19,2014-09-29,2016-12-05,552,0.5815217391304348,0.5815217391304348,0.5778985507246377,0.5876494023904383,0.9190031152647975,0.7168894289185905,0.530262572318647,,,,,
classification,5,Gradient Boosting,5,2756,552,2016-11-28,2016-12-06,2019-02-15,552,0.6340579710144928,0.6340579710144928,0.5090579710144928,0.6222910216718266,0.5742857142857143,0.5973254086181278,0.48316124469589816,,,,,
classification,5,XGBoost,1,548,552,2008-02-22,2008-03-03,2010-05-10,552,0.5416666666666666,0.5416666666666666,0.532608695652174,0.5615615615615616,0.6254180602006689,0.5917721518987342,0.5249051515592159,,,,,
classification,5,XGBoost,2,1100,552,2010-05-03,2010-05-11,2012-07-17,552,0.5778985507246377,0.5778985507246377,0.4692028985507246,0.5365168539325843,0.5987460815047022,0.5659259259259259,0.44798659975513616,,,,,
classification,5,XGBoost,3,1652,552,2012-07-10,2012-07-18,2014-09-26,552,0.6105072463768116,0.6105072463768116,0.5416666666666666,0.59375,0.7893175074183977,0.6777070063694267,0.44797460492719615,,,,,
classification,5,XGBoost,4,2204,552,2014-09-19,2014-09-29,2016-12-05,552,0.5815217391304348,0.5815217391304348,0.5942028985507246,0.594541910331384,0.9501557632398754,0.7314148681055156,0.5452792275222182,,,,,
classification,5,XGBoost,5,2756,552,2016-11-28,2016-12-06,2019-02-15,552,0.6340579710144928,0.6340579710144928,0.6105072463768116,0.6717557251908397,0.7542857142857143,0.7106325706594886,0.5259052333804809,,,,,
classification,5,LightGBM,1,548,552,2008-02-22,2008-03-03,2010-05-10,552,0.5416666666666666,0.5416666666666666,0.48188405797101447,0.5195195195195195,0.5785953177257525,0.5474683544303798,0.47994632966277584,,,,,
classification,5,LightGBM,2,1100,552,2010-05-03,2010-05-11,2012-07-17,552,0.5778985507246377,0.5778985507246377,0.46557971014492755,0.5372670807453416,0.542319749216301,0.5397815912636506,0.4663244850458111,,,,,
classification,5,LightGBM,3,1652,552,2012-07-10,2012-07-18,2014-09-26,552,0.6105072463768116,0.6105072463768116,0.5634057971014492,0.6170731707317073,0.7507418397626113,0.677376171352075,0.4923607756538541,,,,,
classification,5,LightGBM,4,2204,552,2014-09-19,2014-09-29,2016-12-05,552,0.5815217391304348,0.5815217391304348,0.592391304347826,0.6021276595744681,0.881619937694704,0.7155499367888748,0.5576391417512913,,,,,
classification,5,LightGBM,5,2756,552,2016-11-28,2016-12-06,2019-02-15,552,0.6340579710144928,0.6340579710144928,0.5561594202898551,0.6504297994269341,0.6485714285714286,0.6494992846924177,0.5294059405940594,,,,,
classification,5,CatBoost,1,548,552,2008-02-22,2008-03-03,2010-05-10,552,0.5416666666666666,0.5416666666666666,0.4855072463768116,0.5186104218362283,0.6989966555183946,0.5954415954415955,0.48264967546631055,,,,,
classification,5,CatBoost,2,1100,552,2010-05-03,2010-05-11,2012-07-17,552,0.5778985507246377,0.5778985507246377,0.4927536231884058,0.5546218487394958,0.6206896551724138,0.5857988165680473,0.47129576062534473,,,,,
classification,5,CatBoost,3,1652,552,2012-07-10,2012-07-18,2014-09-26,552,0.6105072463768116,0.6105072463768116,0.5597826086956522,0.6012931034482759,0.827893175074184,0.6966292134831461,0.458353460768753,,,,,
classification,5,CatBoost,4,2204,552,2014-09-19,2014-09-29,2016-12-05,552,0.5815217391304348,0.5815217391304348,0.5597826086956522,0.5764705882352941,0.9158878504672897,0.7075812274368231,0.5211123248506426,,,,,
classification,5,CatBoost,5,2756,552,2016-11-28,2016-12-06,2019-02-15,552,0.6340579710144928,0.6340579710144928,0.5307971014492754,0.6296296296296297,0.6314285714285715,0.630527817403709,0.47257425742574255,,,,,
regression,5,Ridge Regression,1,548,552,2008-02-22,2008-03-03,2010-05-10,552,0.5416666666666666,0.5416666666666666,0.49818840579710144,0.6057692307692307,0.21070234113712374,0.31265508684863524,0.517865877034119,0.04222398743438683,0.058175225573671545,-1.2473551370408003,0.49818840579710144,0.014021708095224301
regression,5,Ridge Regression,2,1100,552,2010-05-03,2010-05-11,2012-07-17,552,0.5778985507246377,0.5778985507246377,0.5235507246376812,0.6007194244604317,0.5235109717868338,0.559463986599665,0.5141873074387504,0.021789797960927962,0.02847543395147813,-0.16559986974807184,0.5235507246376812,0.03463843409027379
regression,5,Ridge Regression,3,1652,552,2012-07-10,2012-07-18,2014-09-26,552,0.6105072463768116,0.6105072463768116,0.483695652173913,0.5902777777777778,0.5044510385756676,0.544,0.4557311434683597,0.012904942131274034,0.016194193102478337,-0.2429645360125925,0.483695652173913,-0.06988836884498648
regression,5,Ridge Regression,4,2204,552,2014-09-19,2014-09-29,2016-12-05,552,0.5815217391304348,0.5815217391304348,0.5452898550724637,0.5810185185185185,0.7819314641744548,0.6666666666666666,0.5128723820312605,0.014547081321733686,0.020032469865883192,-0.05429992116061211,0.5452898550724637,0.029149125827302398
regression,5,Ridge Regression,5,2756,552,2016-11-28,2016-12-06,2019-02-15,552,0.6340579710144928,0.6340579710144928,0.5108695652173914,0.6226993865030674,0.58,0.6005917159763313,0.4700424328147101,0.012952628878523009,0.01903509789796293,-0.16090820343159362,0.5108695652173914,-0.03096379382403592
regression,5,Random Forest,1,548,552,2008-02-22,2008-03-03,2010-05-10,552,0.5416666666666666,0.5416666666666666,0.49094202898550726,0.5368852459016393,0.43812709030100333,0.48250460405156537,0.497798987402012,0.027380386394053356,0.039246188197687326,-0.02279952888970338,0.49094202898550726,-0.010230774971322751
regression,5,Random Forest,2,1100,552,2010-05-03,2010-05-11,2012-07-17,552,0.5778985507246377,0.5778985507246377,0.5217391304347826,0.5653206650831354,0.7460815047021944,0.6432432432432432,0.4708517766087694,0.020329113687948368,0.02671636661564533,-0.02603830995008094,0.5217391304347826,0.013919370445794173
regression,5,Random Forest,3,1652,552,2012-07-10,2012-07-18,2014-09-26,552,0.6105072463768116,0.6105072463768116,0.5543478260869565,0.5957894736842105,0.8397626112759644,0.6970443349753694,0.5071630667310745,0.01167540824340472,0.014715750429576067,-0.026372336597618506,0.5543478260869565,0.051244519962730814
regression,5,Random Forest,4,2204,552,2014-09-19,2014-09-29,2016-12-05,552,0.5815217391304348,0.5815217391304348,0.5742753623188406,0.583011583011583,0.940809968847352,0.7199046483909416,0.5242545616377392,0.0139175587075717,0.019164779753589378,0.03505437144133483,0.5742753623188406,0.10615053723561578
regression,5,Random Forest,5,2756,552,2016-11-28,2016-12-06,2019-02-15,552,0.6340579710144928,0.6340579710144928,0.605072463768116,0.6269230769230769,0.9314285714285714,0.7494252873563219,0.48898868458274397,0.01199994119475739,0.01774644353347273,-0.009044486511596617,0.605072463768116,0.004556275896339685
regression,5,Gradient Boosting,1,548,552,2008-02-22,2008-03-03,2010-05-10,552,0.5416666666666666,0.5416666666666666,0.47644927536231885,0.5171232876712328,0.5050167224080268,0.5109983079526227,0.46599336391396884,0.02785652269776989,0.03989673385813557,-0.056988451899275594,0.47644927536231885,-0.08214085188962603
regression,5,Gradient Boosting,2,1100,552,2010-05-03,2010-05-11,2012-07-17,552,0.5778985507246377,0.5778985507246377,0.4692028985507246,0.5396341463414634,0.554858934169279,0.5471406491499228,0.43855530291818584,0.020520559377979326,0.027324304562430166,-0.07326513766121479,0.4692028985507246,-0.0674012624015921
regression,5,Gradient Boosting,3,1652,552,2012-07-10,2012-07-18,2014-09-26,552,0.6105072463768116,0.6105072463768116,0.5471014492753623,0.5882352941176471,0.8605341246290801,0.6987951807228916,0.5223311020633497,0.011388994537815023,0.014476909759515618,0.006673904220759641,0.5471014492753623,0.08535975111767687
regression,5,Gradient Boosting,4,2204,552,2014-09-19,2014-09-29,2016-12-05,552,0.5815217391304348,0.5815217391304348,0.5253623188405797,0.5615866388308977,0.838006230529595,0.6725,0.5155223800083613,0.014373914720536125,0.019743019584862187,-0.024052755435616024,0.5253623188405797,0.07156704407868386
regression,5,Gradient Boosting,5,2756,552,2016-11-28,2016-12-06,2019-02-15,552,0.6340579710144928,0.6340579710144928,0.6068840579710145,0.628131021194605,0.9314285714285714,0.7502876869965478,0.48724186704384725,0.012083929764153942,0.01814578025120093,-0.05496717036006471,0.6068840579710145,0.0020310380073201325
regression,5,XGBoost,1,548,552,2008-02-22,2008-03-03,2010-05-10,552,0.5416666666666666,0.5416666666666666,0.47101449275362317,0.5141700404858299,0.42474916387959866,0.4652014652014652,0.478921834309358,0.027793856580471645,0.039715123658700106,-0.04738751649968331,0.47101449275362317,-0.04792532371465312
regression,5,XGBoost,2,1100,552,2010-05-03,2010-05-11,2012-07-17,552,0.5778985507246377,0.5778985507246377,0.4673913043478261,0.5350140056022409,0.5987460815047022,0.5650887573964497,0.44440781950031616,0.020603353995571776,0.027597876862477673,-0.09486389115728078,0.4673913043478261,-0.0697588716169626
regression,5,XGBoost,3,1652,552,2012-07-10,2012-07-18,2014-09-26,552,0.6105072463768116,0.6105072463768116,0.5018115942028986,0.5676855895196506,0.771513353115727,0.6540880503144654,0.4767579877165137,0.011554700503500381,0.01457646667980687,-0.00703517150238997,0.5018115942028986,-0.0007800799502640228
regression,5,XGBoost,4,2204,552,2014-09-19,2014-09-29,2016-12-05,552,0.5815217391304348,0.5815217391304348,0.5416666666666666,0.5702479338842975,0.8598130841121495,0.6857142857142857,0.5083680597699289,0.01408789459326152,0.019341412596559023,0.017185496356043606,0.5416666666666666,0.04758451121364381
regression,5,XGBoost,5,2756,552,2016-11-28,2016-12-06,2019-02-15,552,0.6340579710144928,0.6340579710144928,0.6014492753623188,0.6294820717131474,0.9028571428571428,0.7417840375586855,0.4481117397454031,0.012220887830538154,0.01807262971719963,-0.04647860041018559,0.6014492753623188,-0.07489698446407264
regression,5,LightGBM,1,548,552,2008-02-22,2008-03-03,2010-05-10,552,0.5416666666666666,0.5416666666666666,0.48007246376811596,0.5260869565217391,0.40468227424749165,0.45746691871455575,0.47974143059209223,0.027951988389133042,0.04001373190947974,-0.0631968255289943,0.48007246376811596,-0.047775201358437054
regression,5,LightGBM,2,1100,552,2010-05-03,2010-05-11,2012-07-17,552,0.5778985507246377,0.5778985507246377,0.4692028985507246,0.5414012738853503,0.5329153605015674,0.5371248025276462,0.4660217686708733,0.02068942034516486,0.027617936429636187,-0.0964560772231613,0.4692028985507246,-0.034244436781229785
regression,5,LightGBM,3,1652,552,2012-07-10,2012-07-18,2014-09-26,552,0.6105072463768116,0.6105072463768116,0.5,0.5844875346260388,0.6261127596439169,0.6045845272206304,0.48862742391829417,0.011560578178365907,0.014541341438009857,-0.0021876682092878408,0.5,0.03796041122751562
regression,5,LightGBM,4,2204,552,2014-09-19,2014-09-29,2016-12-05,552,0.5815217391304348,0.5815217391304348,0.5652173913043478,0.5801980198019802,0.9127725856697819,0.7094430992736077,0.5157853569068522,0.014093144312799783,0.019429727982161582,0.008189689452379079,0.5652173913043478,0.08082774047121305
regression,5,LightGBM,5,2756,552,2016-11-28,2016-12-06,2019-02-15,552,0.6340579710144928,0.6340579710144928,0.5398550724637681,0.6224489795918368,0.6971428571428572,0.6576819407008087,0.4656859971711457,0.012616633002703046,0.01872676119956329,-0.12360327288357364,0.5398550724637681,-0.051082965120497065
regression,5,CatBoost,1,548,552,2008-02-22,2008-03-03,2010-05-10,552,0.5416666666666666,0.5416666666666666,0.47644927536231885,0.5210084033613446,0.41471571906354515,0.4618249534450652,0.5010905918278319,0.02744412307817328,0.03955038989730037,-0.038716651037477234,0.47644927536231885,-0.004126113397094162
regression,5,CatBoost,2,1100,552,2010-05-03,2010-05-11,2012-07-17,552,0.5778985507246377,0.5778985507246377,0.5090579710144928,0.5674157303370787,0.6332288401253918,0.5985185185185186,0.46693664482624075,0.020205565886825625,0.027027878952320776,-0.05010498029002597,0.5090579710144928,-0.03468759100986292
regression,5,CatBoost,3,1652,552,2012-07-10,2012-07-18,2014-09-26,552,0.6105072463768116,0.6105072463768116,0.5561594202898551,0.5966386554621849,0.8427299703264095,0.6986469864698647,0.48555655234283346,0.011665093070036034,0.014683163574672442,-0.02183173032028707,0.5561594202898551,0.042241275859643226
regression,5,CatBoost,4,2204,552,2014-09-19,2014-09-29,2016-12-05,552,0.5815217391304348,0.5815217391304348,0.5579710144927537,0.5780933062880325,0.8878504672897196,0.7002457002457002,0.5082871438011625,0.014158579899400144,0.019417273605150484,0.009460774732599542,0.5579710144927537,0.03955676582570997
regression,5,CatBoost,5,2756,552,2016-11-28,2016-12-06,2019-02-15,552,0.6340579710144928,0.6340579710144928,0.6014492753623188,0.6254826254826255,0.9257142857142857,0.7465437788018433,0.4583026874115983,0.01207973608279516,0.01788031164417565,-0.024325109269716316,0.6014492753623188,-0.060909463072232904
