task,horizon,model,status,oos_observations,positive_rate,baseline_accuracy,accuracy,precision,recall,f1,roc_auc,sharpe,cagr,max_drawdown,strategy_total_return,strategy_exposure,strategy_trades,cost_bps_one_way,cv_method,mae,rmse,r2,directional_accuracy,spearman_ic
classification,1,Logistic Regression,ok,2760,0.5442028985507247,0.5442028985507247,0.5210144927536232,0.5467775467775468,0.7003994673768309,0.6141272621132516,0.5130599582115208,0.4584137477219202,0.06551361223619145,-0.4060488588286322,1.0042230531085448,0.6320173850054328,439.0,5.0,"TimeSeriesSplit expanding, n_splits=5, gap=1",,,,,
classification,1,Ridge Regression,not applicable: supports regression,0,,,,,,,,,,,,,,,,,,,,
classification,1,Random Forest,ok,2760,0.5442028985507247,0.5442028985507247,0.5217391304347826,0.5443902439024391,0.7430093209054593,0.6283783783783784,0.49743743900554427,0.367084764143861,0.04610373335155016,-0.24537060300540248,0.63858063769563,0.6207895689967403,426.0,5.0,"TimeSeriesSplit expanding, n_splits=5, gap=1",,,,,
classification,1,Gradient Boosting,ok,2760,0.5442028985507247,0.5442028985507247,0.5148550724637682,0.5402469135802469,0.7283621837549934,0.6203572441168131,0.4907132302663751,0.3005842540457465,0.036177733438202075,-0.31101212032973835,0.47605687640094585,0.6570083303151032,410.0,5.0,"TimeSeriesSplit expanding, n_splits=5, gap=1",,,,,
classification,1,XGBoost,ok,2760,0.5442028985507247,0.5442028985507247,0.5286231884057971,0.5482940893801057,0.7596537949400799,0.6368964554842311,0.5007872386367725,0.38983343237189655,0.05008329421488811,-0.30842209938261145,0.7081846276561623,0.5925389351684173,450.0,5.0,"TimeSeriesSplit expanding, n_splits=5, gap=1",,,,,
classification,1,LightGBM,ok,2760,0.5442028985507247,0.5442028985507247,0.5293478260869565,0.5519181585677749,0.7183754993342211,0.6242406711021117,0.4977367219965324,0.25637561801638714,0.02923124056849269,-0.437987887953287,0.37118596554720096,0.6736689605215501,434.0,5.0,"TimeSeriesSplit expanding, n_splits=5, gap=1",,,,,
classification,1,CatBoost,ok,2760,0.5442028985507247,0.5442028985507247,0.5344202898550725,0.5501618122977346,0.7922769640479361,0.6493860845839018,0.49715641465856864,0.2534113329838403,0.027975310877679904,-0.29946931646126984,0.3529647225909376,0.5780514306410721,421.0,5.0,"TimeSeriesSplit expanding, n_splits=5, gap=1",,,,,
regression,1,Logistic Regression,not applicable: supports classification,0,,,,,,,,,,,,,,,,,,,,
regression,1,Ridge Regression,ok,2760,0.5442028985507247,0.5442028985507247,0.5105072463768116,0.5566391597899475,0.4940079893475366,0.5234567901234568,0.5076008882698003,0.18106256633489368,0.01660071076330394,-0.5095084187497065,0.1976843591786268,0.9989134371604491,1.0,5.0,"TimeSeriesSplit expanding, n_splits=5, gap=1",0.009006032179880058,0.014169508323373398,-0.25951130586839755,0.5105072463768116,0.01514312877439409
regression,1,Random Forest,ok,2760,0.5442028985507247,0.5442028985507247,0.5054347826086957,0.5373297002724796,0.6564580559254327,0.5909499550494456,0.49212893672242,0.2768252042919721,0.03512376182524313,-0.5296238863307079,0.4596900073489081,0.9989134371604491,1.0,5.0,"TimeSeriesSplit expanding, n_splits=5, gap=1",0.007986206260720451,0.012602219195237052,0.003708173685181504,0.5054347826086957,0.004835632721349057
regression,1,Gradient Boosting,ok,2760,0.5442028985507247,0.5442028985507247,0.5268115942028986,0.5447080291970803,0.7949400798934754,0.6464537087168382,0.49319799356025573,0.5630618035667275,0.09255312065183507,-0.3585337622607083,1.637485810879158,0.9989134371604491,1.0,5.0,"TimeSeriesSplit expanding, n_splits=5, gap=1",0.007990957259940578,0.012638455100339098,-0.0020294567990288837,0.5268115942028986,0.014892416564415884
regression,1,XGBoost,ok,2760,0.5442028985507247,0.5442028985507247,0.513768115942029,0.5405679513184585,0.7097203728362184,0.6137017846862406,0.4922850613596285,0.31332696831133855,0.04228098361835109,-0.4863494186438795,0.574156490013148,0.9989134371604491,1.0,5.0,"TimeSeriesSplit expanding, n_splits=5, gap=1",0.008021230045262331,0.012665807707061815,-0.006371407815010999,0.513768115942029,0.009762229749370847
regression,1,LightGBM,ok,2760,0.5442028985507247,0.5442028985507247,0.5076086956521739,0.5378106821787414,0.6770972037283621,0.5994694960212201,0.5012624926171569,0.11255890300112965,0.0034213996646286216,-0.596084869673075,0.03813109031530271,0.9989134371604491,1.0,5.0,"TimeSeriesSplit expanding, n_splits=5, gap=1",0.008074176497760146,0.01273614033488183,-0.017579104690467195,0.5076086956521739,0.024391393335287486
regression,1,CatBoost,ok,2760,0.5442028985507247,0.5442028985507247,0.5163043478260869,0.5444385311335816,0.6810918774966711,0.6051464063886424,0.49559199287013184,0.3307191619360131,0.04568787195051205,-0.42751354858635304,0.6314578787078831,0.9989134371604491,1.0,5.0,"TimeSeriesSplit expanding, n_splits=5, gap=1",0.007981900872811351,0.012623415806225328,0.00035388029877847504,0.5163043478260869,0.012741887739738968
classification,5,Logistic Regression,ok,2760,0.5891304347826087,0.5891304347826087,0.5547101449275362,0.6044187269857969,0.7066420664206642,0.6515452225687554,0.5280592488464567,0.28215928558222986,0.031090579528744833,-0.408603730302168,0.39925108617641025,0.6653887884267631,133.0,5.0,"TimeSeriesSplit expanding, n_splits=5, gap=5",,,,,
classification,5,Ridge Regression,not applicable: supports regression,0,,,,,,,,,,,,,,,,,,,,
classification,5,Random Forest,ok,2760,0.5891304347826087,0.5891304347826087,0.5246376811594203,0.5804303278688525,0.6968019680196802,0.6333147009502516,0.48698562382449223,-0.02376821107517496,-0.010045485732291914,-0.28940100242970335,-0.1048631351193533,0.5855334538878842,142.0,5.0,"TimeSeriesSplit expanding, n_splits=5, gap=5",,,,,
classification,5,Gradient Boosting,ok,2760,0.5891304347826087,0.5891304347826087,0.5206521739130435,0.5775729646697388,0.6937269372693727,0.6303436714165969,0.48219763282288913,-0.06290106155648863,-0.019883256221803425,-0.3981094002655601,-0.1977713337505944,0.6156962025316456,133.0,5.0,"TimeSeriesSplit expanding, n_splits=5, gap=5",,,,,
classification,5,XGBoost,ok,2760,0.5891304347826087,0.5891304347826087,0.5496376811594202,0.5937347038668624,0.7460024600246002,0.6612155900790406,0.5017568892620143,0.10725599892890668,0.005336710540748024,-0.32446188219877947,0.060138839911933806,0.6128028933092224,128.0,5.0,"TimeSeriesSplit expanding, n_splits=5, gap=5",,,,,
classification,5,LightGBM,ok,2760,0.5891304347826087,0.5891304347826087,0.5318840579710145,0.5886411889596603,0.6820418204182042,0.631908831908832,0.5007204900091329,-0.1542255505924859,-0.0319152425863255,-0.5423975195479807,-0.29945103011386265,0.6045569620253165,147.0,5.0,"TimeSeriesSplit expanding, n_splits=5, gap=5",,,,,
classification,5,CatBoost,ok,2760,0.5891304347826087,0.5891304347826087,0.5257246376811594,0.5760191846522782,0.7386223862238622,0.6472648881703045,0.4738291562809808,-0.05552966648618199,-0.01925603500184836,-0.4104275226092746,-0.19212037794785508,0.6023146473779385,129.0,5.0,"TimeSeriesSplit expanding, n_splits=5, gap=5",,,,,
regression,5,Logistic Regression,not applicable: supports classification,0,,,,,,,,,,,,,,,,,,,,
regression,5,Ridge Regression,ok,2760,0.5891304347826087,0.5891304347826087,0.5123188405797101,0.5980392156862745,0.5252152521525215,0.5592665356908972,0.5102587798364756,0.04763083843721723,-0.0049868848386325215,-0.4300556574801143,-0.053376748034353216,0.7827848101265822,1.0,5.0,"TimeSeriesSplit expanding, n_splits=5, gap=5",0.020883687545369106,0.032314374202281775,-0.6770636001702717,0.5123188405797101,0.008897960013955555
regression,5,Random Forest,ok,2760,0.5891304347826087,0.5891304347826087,0.5492753623188406,0.5876951331496786,0.7872078720787208,0.6729758149316509,0.4957497326296014,0.1691669597891008,0.014408844282358224,-0.3736782066645311,0.16995918994321446,0.8438336347197106,1.0,5.0,"TimeSeriesSplit expanding, n_splits=5, gap=5",0.017060481645547108,0.02511097722107108,-0.012710380037668223,0.5492753623188406,0.013279447805817727
regression,5,Gradient Boosting,ok,2760,0.5891304347826087,0.5891304347826087,0.525,0.5746091899573662,0.7460024600246002,0.6491838373026492,0.4795429105084702,-0.18204968090755885,-0.04231752756696716,-0.5785011520847969,-0.37775910138847735,0.8292224231464739,1.0,5.0,"TimeSeriesSplit expanding, n_splits=5, gap=5",0.017244784219650863,0.02556170601429266,-0.0493918927577226,0.525,-0.02922727496516096
regression,5,XGBoost,ok,2760,0.5891304347826087,0.5891304347826087,0.5166666666666667,0.5712890625,0.7195571955719557,0.6369080021774632,0.47437393024723895,-0.24339732572440678,-0.05151054807394917,-0.6044369024018581,-0.44024813862725787,0.8347197106690778,1.0,5.0,"TimeSeriesSplit expanding, n_splits=5, gap=5",0.017252138700668693,0.025503401426222268,-0.044610163148339765,0.5166666666666667,-0.038360510591930394
regression,5,LightGBM,ok,2760,0.5891304347826087,0.5891304347826087,0.5108695652173914,0.5765815760266371,0.6389913899138991,0.6061843640606768,0.4819248390896608,-0.3050519702455877,-0.05815934156319069,-0.5715534424972799,-0.48182717887935334,0.7541410488245931,1.0,5.0,"TimeSeriesSplit expanding, n_splits=5, gap=5",0.017382352845633327,0.0257041073731736,-0.06111654632149066,0.5108695652173914,-0.02110982086057071
regression,5,CatBoost,ok,2760,0.5891304347826087,0.5891304347826087,0.5402173913043479,0.5857760691975012,0.7496924969249692,0.6576746695441057,0.4906848803937775,0.03357218024915581,-0.00850557342803171,-0.464141434485171,-0.0894661455643424,0.8677034358047016,2.0,5.0,"TimeSeriesSplit expanding, n_splits=5, gap=5",0.017110619603446044,0.025326156174992242,-0.030140814832106066,0.5402173913043479,-0.014305926732015905
