holdout_rank,candidate_id,horizon,direction,condition_ids,pattern,complexity,train_cases,train_hits,train_win_rate,train_baseline_rate,train_excess_win_rate,train_mean_information_gain_bits,train_p_value,train_q_value,discovery_rank_score,test_cases,test_hits,test_win_rate,test_baseline_rate,test_excess_win_rate,test_mean_directional_return,test_raw_mean_return,test_p_value_hac,test_q_value,hac_t_stat,periods_valid,periods_positive_skill,period_consistency,oos_net_sharpe,oos_cagr,oos_max_drawdown,oos_total_return,oos_exposure,filter_status,robustness_score
1,1199,3,DOWN,"(91, 105)",slope_sma_50d ≤ Q25 (-0.00034302) AND macd_hist_pct ≥ Q90 (0.0037858),2,129,83,0.6434108527131783,0.42718052738336715,0.21623032532981118,0.007534653551127819,3.439590138668462e-07,0.008663639641278122,6.163493304846923,60,,,,,,,,,,0,0,0.0,,,,,,REJECTED: test_n<100; insufficient_valid_subperiods,0.0
2,621,3,DOWN,"(40, 91)",return_5d ≥ Q75 (0.014528) AND slope_sma_50d ≤ Q25 (-0.00034302),2,167,101,0.6047904191616766,0.42718052738336715,0.1776098917783095,0.006674080225645883,1.7426949713794916e-06,0.014631666979702211,5.458778621977512,66,,,,,,,,,,0,0,0.0,,,,,,REJECTED: test_n<100; insufficient_valid_subperiods,0.0
3,53439,5,DOWN,"(67, 84, 108)",atr_pct_14d ≤ Q25 (0.0084137) AND dist_sma_200d ≥ Q75 (0.079821) AND zscore_close_20d ≥ Q75 (1.3434),3,100,66,0.66,0.4292089249492901,0.23079107505070995,0.0065582858199676845,1.5597393325992915e-06,0.014631666979702211,5.206947975923025,35,,,,,,,,,,0,0,0.0,,,,,,REJECTED: test_n<100; insufficient_valid_subperiods,0.0
4,3759,5,DOWN,"(4, 59)",Nuevo máximo de cierre 20d AND rolling_vol_20d ≤ Q25 (0.094274),2,171,101,0.5906432748538012,0.4292089249492901,0.1614343499045111,0.0056220982206546255,9.99422652212483e-06,0.03596208251989717,4.700250811367921,102,43.0,0.4215686274509804,0.3925855513307985,0.028983076120181916,-0.00207651105597426,0.00207651105597426,0.3053163833853113,0.7147729786953954,0.5091704316924867,1,1,1.0,-0.8959730912600415,-0.013240052411612857,-0.0860621102254503,-0.05442159850263262,0.09640831758034026,REJECTED: holdout_HAC_p>0.05; holdout_FDR_q>0.05; holdout_win_rate<55%; nonpositive_directional_return; nonpositive_net_Sharpe; insufficient_valid_subperiods,92.29166374788203
5,53031,5,DOWN,"(4, 59, 108)",Nuevo máximo de cierre 20d AND rolling_vol_20d ≤ Q25 (0.094274) AND zscore_close_20d ≥ Q75 (1.3434),3,156,94,0.6025641025641025,0.4292089249492901,0.17335517761481245,0.005879763058186098,6.0861921377207505e-06,0.033696853584992734,4.615654341324759,89,,,,,,,,,,0,0,0.0,,,,,,REJECTED: test_n<100; insufficient_valid_subperiods,0.0
6,39972,3,DOWN,"(40, 60, 91)",return_5d ≥ Q75 (0.014528) AND rolling_vol_20d ≥ Q75 (0.19142) AND slope_sma_50d ≤ Q25 (-0.00034302),3,126,78,0.6190476190476191,0.42718052738336715,0.19186709166425192,0.005775886128392188,6.689068918729699e-06,0.033696853584992734,4.5746343294069405,45,,,,,,,,,,0,0,0.0,,,,,,REJECTED: test_n<100; insufficient_valid_subperiods,0.0
7,39980,3,DOWN,"(40, 68, 91)",return_5d ≥ Q75 (0.014528) AND atr_pct_14d ≥ Q75 (0.015552) AND slope_sma_50d ≤ Q25 (-0.00034302),3,121,75,0.6198347107438017,0.42718052738336715,0.19265418336043455,0.005580433503975772,9.175272972141994e-06,0.03596208251989717,4.437381006255004,50,,,,,,,,,,0,0,0.0,,,,,,REJECTED: test_n<100; insufficient_valid_subperiods,0.0
8,621,5,DOWN,"(40, 91)",return_5d ≥ Q75 (0.014528) AND slope_sma_50d ≤ Q25 (-0.00034302),2,167,98,0.5868263473053892,0.4292089249492901,0.1576174223560991,0.005223630405869099,1.9343343802498302e-05,0.040601678641443935,4.413468449102607,66,,,,,,,,,,0,0,0.0,,,,,,REJECTED: test_n<100; insufficient_valid_subperiods,0.0
9,3799,5,DOWN,"(6, 59)",Nuevo máximo de cierre 50d AND rolling_vol_20d ≤ Q25 (0.094274),2,167,98,0.5868263473053892,0.4292089249492901,0.1576174223560991,0.005223630405869099,1.9343343802498302e-05,0.040601678641443935,4.413468449102607,96,,,,,,,,,,0,0,0.0,,,,,,REJECTED: test_n<100; insufficient_valid_subperiods,0.0
10,53071,5,DOWN,"(6, 59, 108)",Nuevo máximo de cierre 50d AND rolling_vol_20d ≤ Q25 (0.094274) AND zscore_close_20d ≥ Q75 (1.3434),3,152,91,0.5986842105263158,0.4292089249492901,0.16947528557702574,0.005464369640358797,1.2140161786351105e-05,0.038223299384326455,4.315775525579431,84,,,,,,,,,,0,0,0.0,,,,,,REJECTED: test_n<100; insufficient_valid_subperiods,0.0
11,51532,3,DOWN,"(60, 91, 105)",rolling_vol_20d ≥ Q75 (0.19142) AND slope_sma_50d ≤ Q25 (-0.00034302) AND macd_hist_pct ≥ Q90 (0.0037858),3,115,71,0.6173913043478261,0.42718052738336715,0.19021077696445893,0.005155854573659198,1.8655283559322494e-05,0.040601678641443935,4.129198145319849,36,,,,,,,,,,0,0,0.0,,,,,,REJECTED: test_n<100; insufficient_valid_subperiods,0.0
12,51540,3,DOWN,"(68, 91, 105)",atr_pct_14d ≥ Q75 (0.015552) AND slope_sma_50d ≤ Q25 (-0.00034302) AND macd_hist_pct ≥ Q90 (0.0037858),3,115,71,0.6173913043478261,0.42718052738336715,0.19021077696445893,0.005155854573659198,1.8655283559322494e-05,0.040601678641443935,4.129198145319849,42,,,,,,,,,,0,0,0.0,,,,,,REJECTED: test_n<100; insufficient_valid_subperiods,0.0
13,2751,5,DOWN,"(59, 108)",rolling_vol_20d ≤ Q25 (0.094274) AND zscore_close_20d ≥ Q75 (1.3434),2,217,122,0.5622119815668203,0.4292089249492901,0.1330030566175302,0.004936993249260755,3.772841235515488e-05,0.06335355002677608,4.123331469909069,136,52.0,0.38235294117647056,0.3925855513307985,-0.010232610154327915,-0.002575302595895592,0.002575302595895592,0.572305194752996,0.9075341657620499,-0.1822460817332338,1,0,0.0,-1.0174002345562505,-0.019253417638019243,-0.11279697113829701,-0.07837981871025479,0.12854442344045372,REJECTED: holdout_HAC_p>0.05; holdout_FDR_q>0.05; holdout_win_rate<55%; nonpositive_directional_return; nonpositive_net_Sharpe; insufficient_valid_subperiods,0.0
14,2751,3,DOWN,"(59, 108)",rolling_vol_20d ≤ Q25 (0.094274) AND zscore_close_20d ≥ Q75 (1.3434),2,217,121,0.5576036866359447,0.42718052738336715,0.13042315925257758,0.004779585722370552,5.139344336947971e-05,0.07789995234159243,3.989092283535574,136,52.0,0.38235294117647056,0.4098671726755218,-0.027514231499051245,-0.0018473781256735696,0.0018473781256735696,0.7113876269772507,0.9147040927925076,-0.5574430691307479,1,0,0.0,-1.2514586866253452,-0.02396941101129446,-0.12344381425598816,-0.09684326376158947,0.1285444234404537,REJECTED: holdout_HAC_p>0.05; holdout_FDR_q>0.05; holdout_win_rate<55%; nonpositive_directional_return; nonpositive_net_Sharpe; insufficient_valid_subperiods,0.0
15,2692,3,DOWN,"(60, 105)",rolling_vol_20d ≥ Q75 (0.19142) AND macd_hist_pct ≥ Q90 (0.0037858),2,167,96,0.5748502994011976,0.42718052738336715,0.14766977201783044,0.004610459025179753,5.7215413626289856e-05,0.0800634354677216,3.9424869580761026,41,,,,,,,,,,0,0,0.0,,,,,,REJECTED: test_n<100; insufficient_valid_subperiods,0.0
16,739,1,DOWN,"(44, 73)",return_10d ≥ Q75 (0.020161) AND dist_sma_5d ≥ Q90 (0.01307),2,121,75,0.6198347107438017,0.44746450304259633,0.17237020770120537,0.004435792092842183,6.857507862733096e-05,0.09090889897185328,3.8638336857665045,21,,,,,,,,,,0,0,0.0,,,,,,REJECTED: test_n<100; insufficient_valid_subperiods,0.0
17,2360,3,DOWN,"(40, 68)",return_5d ≥ Q75 (0.014528) AND atr_pct_14d ≥ Q75 (0.015552),2,195,109,0.558974358974359,0.42718052738336715,0.13179383159099184,0.004342407771190623,9.942627405790774e-05,0.10434787462377416,3.7024988352147625,53,,,,,,,,,,0,0,0.0,,,,,,REJECTED: test_n<100; insufficient_valid_subperiods,0.0
18,1283,1,DOWN,"(73, 108)",dist_sma_5d ≥ Q90 (0.01307) AND zscore_close_20d ≥ Q75 (1.3434),2,106,66,0.6226415094339622,0.44746450304259633,0.1751770063913659,0.003989132198363339,0.0001432596487594038,0.1164007752565117,3.543876117968963,19,,,,,,,,,,0,0,0.0,,,,,,REJECTED: test_n<100; insufficient_valid_subperiods,0.0
19,5308,5,UP,"(55, 116)",rolling_vol_10d ≤ Q25 (0.089643) AND obv_slope_20d ≥ Q75 (0.23955),2,321,215,0.6697819314641744,0.5703853955375253,0.0993965359266491,0.004454781036541643,0.00016064910510948664,0.12609441906035926,3.4941216893287366,119,75.0,0.6302521008403361,0.6064638783269962,0.023788222513339896,0.0031770076985719567,0.0031770076985719567,0.3367233562174933,0.7147729786953954,0.42142233518862443,2,1,0.5,0.8253224450863292,0.015902405007754306,-0.024327567231237857,0.0684826521069386,0.11247637051039698,REJECTED: holdout_HAC_p>0.05; holdout_FDR_q>0.05; insufficient_valid_subperiods,42.29166374788203
20,109788,5,UP,"(8, 51, 116)",Precio sobre SMA(200) AND rolling_vol_5d ≤ Q25 (0.079951) AND obv_slope_20d ≥ Q75 (0.23955),3,257,175,0.6809338521400778,0.5703853955375253,0.11054845660255253,0.00430277045469663,0.00017172936069578026,0.126940997916973,3.165155446842228,109,75.0,0.6880733944954128,0.6064638783269962,0.08160951616841661,0.004122852105292424,0.004122852105292424,0.06427569562786117,0.3933773959378376,1.5198392122059095,1,1,1.0,1.119699283180607,0.019035510735608607,-0.013196541932862016,0.0823859293692677,0.10302457466918714,REJECTED: holdout_HAC_p>0.05; holdout_FDR_q>0.05; insufficient_valid_subperiods,84.81038119783949
21,4231,5,UP,"(51, 88)",rolling_vol_5d ≤ Q25 (0.079951) AND slope_sma_20d ≥ Q75 (0.0015461),2,213,146,0.6854460093896714,0.5703853955375253,0.11506061385214605,0.003795848256046841,0.00034655717777105303,0.15121791041854277,3.160225101768327,75,,,,,,,,,,0,0,0.0,,,,,,REJECTED: test_n<100; insufficient_valid_subperiods,0.0
22,5276,5,UP,"(51, 116)",rolling_vol_5d ≤ Q25 (0.079951) AND obv_slope_20d ≥ Q75 (0.23955),2,274,184,0.6715328467153284,0.5703853955375253,0.1011474511778031,0.003857600099850632,0.0003594652380708348,0.15121791041854277,3.144343101509092,110,76.0,0.6909090909090909,0.6064638783269962,0.0844452125820947,0.004156657999723718,0.004156657999723718,0.05618703832185966,0.3933773959378376,1.5876121165069141,1,1,1.0,1.138918310010384,0.01945384310603182,-0.013196541932862016,0.08425267234485045,0.10396975425330812,REJECTED: holdout_HAC_p>0.05; holdout_FDR_q>0.05; insufficient_valid_subperiods,92.81038119783949
23,2663,5,UP,"(51, 104)",rolling_vol_5d ≤ Q25 (0.079951) AND macd_hist_pct ≥ Q75 (0.0019257),2,139,99,0.7122302158273381,0.5703853955375253,0.14184482028981282,0.0036861419353871033,0.00036468814093508056,0.15121791041854277,3.1380783590064665,59,,,,,,,,,,0,0,0.0,,,,,,REJECTED: test_n<100; insufficient_valid_subperiods,0.0
24,109820,5,UP,"(8, 55, 116)",Precio sobre SMA(200) AND rolling_vol_10d ≤ Q25 (0.089643) AND obv_slope_20d ≥ Q75 (0.23955),3,293,197,0.6723549488054608,0.5703853955375253,0.10196955326793544,0.004229141191001288,0.0002109544647642186,0.13624412970464456,3.0758112785212863,118,75.0,0.635593220338983,0.6064638783269962,0.029129342011986803,0.0032891619972317114,0.0032891619972317114,0.30298633100435957,0.7147729786953954,0.5158306952584227,2,1,0.5,0.8409428024157963,0.016185954444940753,-0.024327567231237857,0.06973528337900725,0.11153119092627599,REJECTED: holdout_HAC_p>0.05; holdout_FDR_q>0.05; insufficient_valid_subperiods,34.29166374788203
25,1147,1,DOWN,"(73, 104)",dist_sma_5d ≥ Q90 (0.01307) AND macd_hist_pct ≥ Q75 (0.0019257),2,138,81,0.5869565217391305,0.44746450304259633,0.13949201869653416,0.0033264551046947206,0.0004911247396499542,0.15412905133169183,3.0088081884038447,29,,,,,,,,,,0,0,0.0,,,,,,REJECTED: test_n<100; insufficient_valid_subperiods,0.0
26,471,1,DOWN,"(36, 77)",return_3d ≥ Q75 (0.010995) AND dist_sma_20d ≥ Q90 (0.02647),2,152,88,0.5789473684210527,0.44746450304259633,0.13148286537845633,0.0032729239995895,0.0005568551762525316,0.15412905133169183,2.954257738995936,34,,,,,,,,,,0,0,0.0,,,,,,REJECTED: test_n<100; insufficient_valid_subperiods,0.0
27,4490,5,UP,"(71, 114)",dist_sma_5d ≤ Q25 (-0.0054038) AND obv_slope_20d ≤ Q10 (-0.17379),2,123,88,0.7154471544715447,0.5703853955375253,0.1450617589340194,0.0033936632528304717,0.0005770490775939654,0.15412905133169183,2.938787248851473,58,,,,,,,,,,0,0,0.0,,,,,,REJECTED: test_n<100; insufficient_valid_subperiods,0.0
28,335,1,DOWN,"(32, 77)",return_1d ≥ Q75 (0.005695) AND dist_sma_20d ≥ Q90 (0.02647),2,110,66,0.6,0.44746450304259633,0.15253549695740365,0.003136352245159499,0.0006467434601771409,0.15799414342014814,2.889267954143449,27,,,,,,,,,,0,0,0.0,,,,,,REJECTED: test_n<100; insufficient_valid_subperiods,0.0
29,2816,1,UP,"(30, 112)",return_1d ≤ Q10 (-0.012477) AND volume_ratio_20d ≥ Q75 (1.0947),2,103,73,0.7087378640776699,0.5521298174442191,0.15660804663345085,0.003243826266679257,0.0006962161333390905,0.15799414342014814,2.8572559170773566,38,,,,,,,,,,0,0,0.0,,,,,,REJECTED: test_n<100; insufficient_valid_subperiods,0.0
30,2663,3,UP,"(51, 104)",rolling_vol_5d ≤ Q25 (0.079951) AND macd_hist_pct ≥ Q75 (0.0019257),2,139,98,0.7050359712230215,0.5728194726166329,0.13221649860638862,0.0031980647551541324,0.0008129555662678316,0.166757854470491,2.789933191001318,59,,,,,,,,,,0,0,0.0,,,,,,REJECTED: test_n<100; insufficient_valid_subperiods,0.0
31,92252,1,DOWN,"(9, 17, 68)",Precio bajo SMA(200) AND Día de semana = 4 (lunes=0) AND atr_pct_14d ≥ Q75 (0.015552),3,104,63,0.6057692307692307,0.44746450304259633,0.1583047277266344,0.0031875009879805422,0.0005836188342907265,0.15412905133169183,2.633870701191631,26,,,,,,,,,,0,0,0.0,,,,,,REJECTED: test_n<100; insufficient_valid_subperiods,0.0
32,3159,3,UP,"(8, 19)",Precio sobre SMA(200) AND Mes calendario = 2,2,134,94,0.7014925373134329,0.5728194726166329,0.12867306469679995,0.0029099069811531625,0.001301507978064372,0.1905952497179384,2.5855531653813197,63,,,,,,,,,,0,0,0.0,,,,,,REJECTED: test_n<100; insufficient_valid_subperiods,0.0
33,780,1,DOWN,"(45, 80)",return_10d ≥ Q90 (0.035133) AND dist_sma_50d ≥ Q75 (0.031878),2,116,68,0.5862068965517241,0.44746450304259633,0.13874239350912776,0.0027398771515962893,0.001326868001311857,0.19097800695453174,2.577172279210346,19,,,,,,,,,,0,0,0.0,,,,,,REJECTED: test_n<100; insufficient_valid_subperiods,0.0
34,3457,1,DOWN,"(17, 83)",Día de semana = 4 (lunes=0) AND dist_sma_200d ≤ Q25 (-0.0058778),2,116,68,0.5862068965517241,0.44746450304259633,0.13874239350912776,0.0027398771515962893,0.001326868001311857,0.19097800695453174,2.577172279210346,35,,,,,,,,,,0,0,0.0,,,,,,REJECTED: test_n<100; insufficient_valid_subperiods,0.0
35,22,5,DOWN,"(22,)",Mes calendario = 5,1,212,111,0.5235849056603774,0.4292089249492901,0.09437598071108733,0.0024199505368208956,0.0027496101014347542,0.2651372744980929,2.5607288853699166,85,,,,,,,,,,0,0,0.0,,,,,,REJECTED: test_n<100; insufficient_valid_subperiods,0.0
36,607,1,DOWN,"(40, 77)",return_5d ≥ Q75 (0.014528) AND dist_sma_20d ≥ Q90 (0.02647),2,181,101,0.5580110497237569,0.44746450304259633,0.1105465466811606,0.0027857925308959336,0.0013900556792757568,0.1935091055168182,2.556967803545965,48,,,,,,,,,,0,0,0.0,,,,,,REJECTED: test_n<100; insufficient_valid_subperiods,0.0
37,0,1,DOWN,"(0,)",3 sesiones alcistas consecutivas,1,369,191,0.5176151761517616,0.44746450304259633,0.07015067310916523,0.0024850571393484466,0.0033631258230123673,0.29619025604907523,2.473256884330394,138,77.0,0.5579710144927537,0.4696969696969697,0.08827404479578393,0.0002819901920175179,-0.0002819901920175179,0.011306905295068828,0.3933773959378376,2.27989678842635,4,3,0.75,-0.5266246709428454,-0.016598409843776807,-0.11974713123240621,-0.06785957182700708,0.13043478260869565,REJECTED: holdout_FDR_q>0.05; nonpositive_net_Sharpe,75.81038119783949
38,105,3,DOWN,"(105,)",macd_hist_pct ≥ Q90 (0.0037858),1,244,125,0.5122950819672131,0.42718052738336715,0.08511455458384592,0.002321763002911651,0.0035970773274255274,0.30100725489433283,2.4440502259253774,68,,,,,,,,,,0,0,0.0,,,,,,REJECTED: test_n<100; insufficient_valid_subperiods,0.0
39,25,5,DOWN,"(25,)",Mes calendario = 8,1,222,115,0.5180180180180181,0.4292089249492901,0.08880909306872797,0.0022536267605274465,0.003754538312601435,0.31027493677013585,2.425443459623086,90,,,,,,,,,,0,0,0.0,,,,,,REJECTED: test_n<100; insufficient_valid_subperiods,0.0
40,42236,3,UP,"(8, 44, 64)",Precio sobre SMA(200) AND return_10d ≥ Q75 (0.020161) AND volatility_ratio_20_60 ≥ Q75 (1.1405),3,113,81,0.7168141592920354,0.5728194726166329,0.1439946866754025,0.0030658442030371477,0.0009861842985954168,0.1691842325118823,2.406041916312742,36,,,,,,,,,,0,0,0.0,,,,,,REJECTED: test_n<100; insufficient_valid_subperiods,0.0
41,50383,3,UP,"(8, 51, 104)",Precio sobre SMA(200) AND rolling_vol_5d ≤ Q25 (0.079951) AND macd_hist_pct ≥ Q75 (0.0019257),3,113,81,0.7168141592920354,0.5728194726166329,0.1439946866754025,0.0030658442030371477,0.0009861842985954168,0.1691842325118823,2.406041916312742,57,,,,,,,,,,0,0,0.0,,,,,,REJECTED: test_n<100; insufficient_valid_subperiods,0.0
42,45,1,DOWN,"(45,)",return_10d ≥ Q90 (0.035133),1,246,130,0.5284552845528455,0.44746450304259633,0.08099078151024919,0.002087343775443888,0.005313622082328952,0.34795053554859734,2.274609336902705,63,,,,,,,,,,0,0,0.0,,,,,,REJECTED: test_n<100; insufficient_valid_subperiods,0.0
43,23,5,DOWN,"(23,)",Mes calendario = 6,1,214,110,0.514018691588785,0.4292089249492901,0.08480976663949491,0.0019736795054595534,0.006095449947399758,0.3506972436895993,2.2149942305771146,87,,,,,,,,,,0,0,0.0,,,,,,REJECTED: test_n<100; insufficient_valid_subperiods,0.0
44,2826,1,UP,"(31, 114)",return_1d ≤ Q25 (-0.0043634) AND obv_slope_20d ≤ Q10 (-0.17379),2,107,73,0.6822429906542056,0.5521298174442191,0.1301131732099865,0.002308141058314849,0.0033992899237367414,0.2972962312468092,2.168611793078197,62,,,,,,,,,,0,0,0.0,,,,,,REJECTED: test_n<100; insufficient_valid_subperiods,0.0
45,3,3,DOWN,"(3,)",RSI(14) > 70,1,150,79,0.5266666666666666,0.42718052738336715,0.09948613928329947,0.0018679680798233296,0.006885816126571077,0.3674574927882887,2.1620445785354603,78,,,,,,,,,,0,0,0.0,,,,,,REJECTED: test_n<100; insufficient_valid_subperiods,0.0
46,105,1,DOWN,"(105,)",macd_hist_pct ≥ Q90 (0.0037858),1,244,128,0.5245901639344263,0.44746450304259633,0.07712566089182993,0.0018750398163806855,0.007698708087761685,0.37874035022371355,2.11358214722101,68,,,,,,,,,,0,0,0.0,,,,,,REJECTED: test_n<100; insufficient_valid_subperiods,0.0
47,40,3,DOWN,"(40,)",return_5d ≥ Q75 (0.014528),1,615,292,0.47479674796747967,0.42718052738336715,0.04761622058411252,0.002210731059540682,0.008490014535698413,0.3993632843205215,2.071091566202666,204,77.0,0.37745098039215685,0.4098671726755218,-0.03241619228336495,-0.00097873135389463,0.00097873135389463,0.8182104768852052,0.9463333157400315,-0.9085664057258538,4,1,0.25,-0.6332681503891376,-0.026834757547139376,-0.1351499593103822,-0.10792282717989621,0.19092627599243855,REJECTED: holdout_HAC_p>0.05; holdout_FDR_q>0.05; holdout_win_rate<55%; nonpositive_directional_return; nonpositive_net_Sharpe; not_consistent_in_3_of_4_periods,25.047911740535564
48,30,1,UP,"(30,)",return_1d ≤ Q10 (-0.012477),1,247,155,0.6275303643724697,0.5521298174442191,0.0754005469282506,0.0018712350611249148,0.008585808615671495,0.3993632843205215,2.066218796509289,71,,,,,,,,,,0,0,0.0,,,,,,REJECTED: test_n<100; insufficient_valid_subperiods,0.0
49,31,1,UP,"(31,)",return_1d ≤ Q25 (-0.0043634),1,616,369,0.599025974025974,0.5521298174442191,0.046896156581754944,0.002149352952674065,0.009625872508049367,0.406296705341988,2.016559894727777,209,121.0,0.5789473684210527,0.5293560606060606,0.0495913078149921,0.0008138131712575021,0.0008138131712575021,0.043852987132147477,0.3933773959378376,1.7076248506679055,3,3,1.0,0.019645238095940546,-0.0016307071087465763,-0.11524472771245675,-0.00682854851003567,0.19754253308128544,REJECTED: holdout_FDR_q>0.05,100.0
50,108,5,DOWN,"(108,)",zscore_close_20d ≥ Q75 (1.3434),1,612,291,0.47549019607843135,0.4292089249492901,0.046281271129141266,0.0020365101501302087,0.01035657697923039,0.4207442918594436,1.9847837624167954,250,90.0,0.36,0.3925855513307985,-0.03258555133079849,-0.0020837769950399106,0.0020837769950399106,0.8193899662406543,0.9463333157400315,-0.9130427323144255,4,1,0.25,-1.1416818017399128,-0.03067768420348571,-0.15609391789970106,-0.12261952379465058,0.23534971644612476,REJECTED: holdout_HAC_p>0.05; holdout_FDR_q>0.05; holdout_win_rate<55%; nonpositive_directional_return; nonpositive_net_Sharpe; not_consistent_in_3_of_4_periods,25.047911740535564
51,60315,3,UP,"(47, 91, 115)",return_20d ≤ Q25 (-0.01554) AND slope_sma_50d ≤ Q25 (-0.00034302) AND obv_slope_20d ≤ Q25 (-0.039396),3,237,157,0.6624472573839663,0.5728194726166329,0.08962778476733335,0.002573679524661353,0.0026407389483412984,0.26076061285805596,1.9782745290840529,101,57.0,0.5643564356435643,0.5901328273244781,-0.025776391680913835,0.004590219147249363,0.004590219147249363,0.669170063317298,0.9075341657620499,-0.4376226167944289,3,1,0.3333333333333333,0.45970014658212627,0.026732883645679717,-0.08269595559893939,0.11712866109426279,0.09546313799621928,REJECTED: holdout_HAC_p>0.05; holdout_FDR_q>0.05; not_consistent_in_3_of_4_periods,17.41760736570188
52,1868,1,UP,"(16, 100)",Día de semana = 3 (lunes=0) AND rsi_14 ≥ Q75 (62.693),2,115,77,0.6695652173913044,0.5521298174442191,0.1174353999470853,0.0020193771553319445,0.005662446917137181,0.34795053554859734,1.9469958562731449,59,,,,,,,,,,0,0,0.0,,,,,,REJECTED: test_n<100; insufficient_valid_subperiods,0.0
53,2824,1,UP,"(31, 112)",return_1d ≤ Q25 (-0.0043634) AND volume_ratio_20d ≥ Q75 (1.0947),2,208,133,0.6394230769230769,0.5521298174442191,0.0872932594788578,0.002082002380879043,0.0056752266557614965,0.34795053554859734,1.9460167890457047,75,,,,,,,,,,0,0,0.0,,,,,,REJECTED: test_n<100; insufficient_valid_subperiods,0.0
54,1446,1,UP,"(14, 31)",Día de semana = 1 (lunes=0) AND return_1d ≤ Q25 (-0.0043634),2,125,83,0.664,0.5521298174442191,0.11187018255578096,0.0019968131956518715,0.005948228811228004,0.3506972436895993,1.9256123337710604,46,,,,,,,,,,0,0,0.0,,,,,,REJECTED: test_n<100; insufficient_valid_subperiods,0.0
55,53,3,DOWN,"(53,)",rolling_vol_5d ≥ Q90 (0.29395),1,246,122,0.4959349593495935,0.42718052738336715,0.06875443196622633,0.0015308266129008853,0.0146292613774987,0.489075663426612,1.8347776005851726,37,,,,,,,,,,0,0,0.0,,,,,,REJECTED: test_n<100; insufficient_valid_subperiods,0.0
56,1708,1,UP,"(16, 44)",Día de semana = 3 (lunes=0) AND return_10d ≥ Q75 (0.020161),2,118,78,0.6610169491525424,0.5521298174442191,0.10888713170832331,0.00177904958797772,0.008689329501435366,0.3993632843205215,1.7610137339151095,47,,,,,,,,,,0,0,0.0,,,,,,REJECTED: test_n<100; insufficient_valid_subperiods,0.0
57,3695,1,UP,"(15, 95)",Día de semana = 2 (lunes=0) AND slope_sma_200d ≤ Q25 (6.0529e-05),2,118,78,0.6610169491525424,0.5521298174442191,0.10888713170832331,0.00177904958797772,0.008689329501435366,0.3993632843205215,1.7610137339151095,50,,,,,,,,,,0,0,0.0,,,,,,REJECTED: test_n<100; insufficient_valid_subperiods,0.0
58,61099,3,UP,"(87, 98, 115)",slope_sma_20d ≤ Q25 (-0.00076819) AND rsi_14 ≤ Q10 (38.736) AND obv_slope_20d ≤ Q25 (-0.039396),3,157,106,0.6751592356687898,0.5728194726166329,0.10233976305215686,0.0021566451300759192,0.004767296057846447,0.3382497270564403,1.7217278767499997,54,,,,,,,,,,0,0,0.0,,,,,,REJECTED: test_n<100; insufficient_valid_subperiods,0.0
59,2890,3,UP,"(39, 114)",return_5d ≤ Q25 (-0.0096539) AND obv_slope_20d ≤ Q10 (-0.17379),2,137,92,0.6715328467153284,0.5728194726166329,0.09871337409869552,0.0017341584577321607,0.0097527948367554,0.40674472104577164,1.7108709116605765,63,,,,,,,,,,0,0,0.0,,,,,,REJECTED: test_n<100; insufficient_valid_subperiods,0.0
60,1,3,UP,"(1,)",3 sesiones bajistas consecutivas,1,186,120,0.6451612903225806,0.5728194726166329,0.07234181770594772,0.0012804880291696725,0.02304941239460197,0.5560774905395587,1.6373401417292024,93,,,,,,,,,,0,0,0.0,,,,,,REJECTED: test_n<100; insufficient_valid_subperiods,0.0
61,5308,3,UP,"(55, 116)",rolling_vol_10d ≤ Q25 (0.089643) AND obv_slope_20d ≥ Q75 (0.23955),2,321,204,0.6355140186915887,0.5728194726166329,0.06269454607495584,0.0017577988439739147,0.011581320181362015,0.44493652787039534,1.6362419315584278,119,77.0,0.6470588235294118,0.5901328273244781,0.05692599620493366,0.001973201688206397,0.001973201688206397,0.14553507528817294,0.6362633309017831,1.0557769080711459,2,2,1.0,0.9260997170433879,0.018067518253145565,-0.020938885151681963,0.07807580153279448,0.11247637051039698,REJECTED: holdout_HAC_p>0.05; holdout_FDR_q>0.05; insufficient_valid_subperiods,92.39272621056324
62,31,5,UP,"(31,)",return_1d ≤ Q25 (-0.0043634),1,616,370,0.6006493506493507,0.5703853955375253,0.030263955111825336,0.0009021912914278368,0.06458628100417148,0.7135084411987155,1.189859722205062,209,138.0,0.6602870813397129,0.6064638783269962,0.0538232030127167,0.004657388300419941,0.004657388300419941,0.03853708101059351,0.3933773959378376,1.7679206981328115,3,3,1.0,0.6485492968392764,0.035726647859132044,-0.06432679808387864,0.1587918503858543,0.19754253308128544,REJECTED: train_p>0.05; holdout_FDR_q>0.05,100.0
63,32,5,DOWN,"(32,)",return_1d ≥ Q75 (0.005695),1,616,283,0.4594155844155844,0.4292089249492901,0.030206659466294306,0.000868087896034769,0.06492708176385223,0.7141737340163091,1.1875741166457618,214,85.0,0.397196261682243,0.3925855513307985,0.0046107103514445025,-0.0021822994127845886,0.0021822994127845886,0.4375428780195313,0.8353091307645598,0.15720186814782414,4,2,0.5,-0.8847060313604951,-0.030488803954330623,-0.1261855632643316,-0.12190151996432486,0.20132325141776938,REJECTED: train_p>0.05; holdout_HAC_p>0.05; holdout_FDR_q>0.05; holdout_win_rate<55%; nonpositive_directional_return; nonpositive_net_Sharpe; not_consistent_in_3_of_4_periods,50.15630554258996
64,71,1,UP,"(71,)",dist_sma_5d ≤ Q25 (-0.0054038),1,616,357,0.5795454545454546,0.5521298174442191,0.027415637101235513,0.0007326335523307904,0.08560382336802025,0.7493536348959421,1.067506837769672,199,109.0,0.5477386934673367,0.5293560606060606,0.01838263286127617,0.0006052478682592819,0.0006052478682592819,0.2759161485259966,0.7147729786953954,0.5950167164363775,3,2,0.6666666666666666,0.06843349673084441,0.0022128664811200682,-0.15563706964267632,0.009323457679715874,0.1880907372400756,REJECTED: train_p>0.05; holdout_HAC_p>0.05; holdout_FDR_q>0.05; holdout_win_rate<55%; not_consistent_in_3_of_4_periods,66.95833041454868
65,35,3,UP,"(35,)",return_3d ≤ Q25 (-0.0079209),1,616,366,0.5941558441558441,0.5728194726166329,0.021336371539211196,0.00044847641041851315,0.14219180985378177,0.8010840143693299,0.8471254179363865,205,121.0,0.5902439024390244,0.5901328273244781,0.00011107511454622188,0.0020920934622750778,0.0020920934622750778,0.4988154949699109,0.8770728838026555,0.002969118162315568,3,1,0.3333333333333333,0.257935948893149,0.01699461568730065,-0.14092901012907655,0.07331383716954187,0.1937618147448015,REJECTED: train_p>0.05; holdout_HAC_p>0.05; holdout_FDR_q>0.05; not_consistent_in_3_of_4_periods,33.44726196480396
66,36,1,DOWN,"(36,)",return_3d ≥ Q75 (0.010995),1,616,287,0.4659090909090909,0.44746450304259633,0.018444587866494555,0.00031576029171831617,0.17861362287881283,0.8244583707427613,0.7480854205008299,206,106.0,0.5145631067961165,0.4696969696969697,0.044866137099146775,2.867819353101904e-05,-2.867819353101904e-05,0.06556289932297293,0.3933773959378376,1.5096772515520336,4,3,0.75,-0.3581452972050489,-0.020405657893311946,-0.13918089303447223,-0.08291722123187628,0.1947069943289225,REJECTED: train_p>0.05; holdout_HAC_p>0.05; holdout_FDR_q>0.05; holdout_win_rate<55%; nonpositive_net_Sharpe,75.81038119783949
67,35,1,UP,"(35,)",return_3d ≤ Q25 (-0.0079209),1,616,351,0.5698051948051948,0.5521298174442191,0.017675377360975686,0.0003041767335931877,0.1888369001777479,0.832935272479833,0.7239131372746123,205,115.0,0.5609756097560976,0.5293560606060606,0.03161954915003706,0.0005596595660761614,0.0005596595660761614,0.15900936569917673,0.6362633309017831,0.998537620471243,3,2,0.6666666666666666,-0.18293746427672103,-0.01875299303960065,-0.20785276282056442,-0.07640388068860715,0.1937618147448015,REJECTED: train_p>0.05; holdout_HAC_p>0.05; holdout_FDR_q>0.05; nonpositive_net_Sharpe; not_consistent_in_3_of_4_periods,67.0593928772299
68,32,1,DOWN,"(32,)",return_1d ≥ Q75 (0.005695),1,616,285,0.46266233766233766,0.44746450304259633,0.015197834619741335,0.00021237683658017082,0.22404601703805166,0.8525732087353561,0.6496627723212178,215,104.0,0.48372093023255813,0.4696969696969697,0.014023960535588409,-8.010978167433099e-05,8.010978167433099e-05,0.3298614341628932,0.7147729786953954,0.4402958192540371,4,3,0.75,-0.7160253509747468,-0.04301324125965811,-0.17458816665658217,-0.16855177832372426,0.20226843100189035,REJECTED: train_p>0.05; holdout_HAC_p>0.05; holdout_FDR_q>0.05; holdout_win_rate<55%; nonpositive_directional_return; nonpositive_net_Sharpe,75.29166374788203
69,35,5,UP,"(35,)",return_3d ≤ Q25 (-0.0079209),1,616,360,0.5844155844155844,0.5703853955375253,0.014030188878059069,0.00019341696470613883,0.2408892305624406,0.8629893345084876,0.6181826155759755,205,132.0,0.6439024390243903,0.6064638783269962,0.03743856069739404,0.004235157314197445,0.004235157314197445,0.1770656649411575,0.6362633309017831,0.9266056316033698,3,2,0.6666666666666666,0.4737515151823814,0.030010573842155663,-0.1102958726692681,0.13217793157874747,0.1937618147448015,REJECTED: train_p>0.05; holdout_HAC_p>0.05; holdout_FDR_q>0.05; not_consistent_in_3_of_4_periods,67.0593928772299
70,8,5,UP,"(8,)",Precio sobre SMA(200),1,1653,957,0.5789473684210527,0.5703853955375253,0.008561972883527336,0.000438627377503914,0.24096167727817652,0.8629893345084876,0.6180520224460209,862,517.0,0.5997679814385151,0.6064638783269962,-0.0066958968884811565,0.0010386141856186532,0.0010386141856186532,0.7186960729083989,0.9147040927925076,-0.5789723144319756,4,0,0.0,0.42637170488548215,0.03711303558829537,-0.16437858889832357,0.16531804019104235,0.8128544423440454,REJECTED: train_p>0.05; holdout_HAC_p>0.05; holdout_FDR_q>0.05; not_consistent_in_3_of_4_periods,0.07743875536828693
71,8,3,UP,"(8,)",Precio sobre SMA(200),1,1653,958,0.5795523290986085,0.5728194726166329,0.006732856481975635,0.0002716906088641533,0.2900026123632542,0.8937459684578057,0.5375980899291956,864,506.0,0.5856481481481481,0.5901328273244781,-0.004484679176329998,0.0005477152115643434,0.0005477152115643434,0.6698466461577035,0.9075341657620499,-0.4394897496631415,4,1,0.25,0.39024329905437427,0.033317745181121516,-0.15543413631534853,0.14751860197184796,0.8147448015122873,REJECTED: train_p>0.05; holdout_HAC_p>0.05; holdout_FDR_q>0.05; not_consistent_in_3_of_4_periods,25.08427403236855
72,31,3,UP,"(31,)",return_1d ≤ Q25 (-0.0043634),1,616,358,0.5811688311688312,0.5728194726166329,0.008349358552198316,6.85428744175232e-05,0.337638088624202,0.9199369522007669,0.47154856694492,209,126.0,0.6028708133971292,0.5901328273244781,0.012737986072651086,0.002800381421607684,0.002800381421607684,0.3403680850930454,0.7147729786953954,0.4114587666088317,3,3,1.0,0.5052717915943584,0.02924867748572013,-0.07742482895353109,0.12866604678217297,0.19754253308128544,REJECTED: train_p>0.05; holdout_HAC_p>0.05; holdout_FDR_q>0.05,100.0
73,32,3,DOWN,"(32,)",return_1d ≥ Q75 (0.005695),1,616,268,0.43506493506493504,0.42718052738336715,0.007884407681567895,6.099012223489703e-05,0.3462039212035796,0.9232593295156977,0.4606680174905703,214,86.0,0.40186915887850466,0.4098671726755218,-0.007998013797017145,-0.0012961354583434432,0.0012961354583434432,0.6061594285155164,0.9075341657620499,-0.26932298887931866,4,1,0.25,-0.8640438680116485,-0.03418806835548649,-0.13663742013402946,-0.13588258293292566,0.20226843100189035,REJECTED: train_p>0.05; holdout_HAC_p>0.05; holdout_FDR_q>0.05; holdout_win_rate<55%; nonpositive_directional_return; nonpositive_net_Sharpe; not_consistent_in_3_of_4_periods,25.08427403236855
74,8,1,UP,"(8,)",Precio sobre SMA(200),1,1653,920,0.5565638233514821,0.5521298174442191,0.004434005907263061,0.00011668063383403655,0.3584804782953668,0.9320470419063525,0.44553448964595066,866,448.0,0.5173210161662818,0.5293560606060606,-0.012035044439778764,0.00014645783192671947,0.00014645783192671947,0.9658584822751165,0.9879358355700154,-1.823134414281322,4,0,0.0,0.31803579298402807,0.026669296968486522,-0.15241092510740895,0.11683822273977973,0.8166351606805293,REJECTED: train_p>0.05; holdout_HAC_p>0.05; holdout_FDR_q>0.05; holdout_win_rate<55%; not_consistent_in_3_of_4_periods,0.01054252208544349
75,8,1,DOWN,"(8,)",Precio sobre SMA(200),1,1653,733,0.44343617664851787,0.44746450304259633,-0.004028326394078463,0.00011668063383403655,0.6290670388087395,0.9999996560409862,0.20130306992308847,866,417.0,0.4815242494226328,0.4696969696969697,0.011827279725663054,-0.00014645783192671947,0.00014645783192671947,0.03660488124667631,0.3933773959378376,1.79152078333342,4,3,0.75,-0.40127404814852907,-0.04303125967459065,-0.32316112095131255,-0.16861750140466514,0.8166351606805293,REJECTED: train_p>0.05; holdout_FDR_q>0.05; holdout_win_rate<55%; nonpositive_directional_return; nonpositive_net_Sharpe,75.81038119783949
76,32,3,UP,"(32,)",return_1d ≥ Q75 (0.005695),1,616,348,0.564935064935065,0.5728194726166329,-0.007884407681567951,6.099012223489703e-05,0.6537960787964214,0.9999996560409862,0.18455768846991014,214,128.0,0.5981308411214953,0.5901328273244781,0.007998013797017145,0.0012961354583434432,0.0012961354583434432,0.3938405714844825,0.7876811429689651,0.26932298887932143,4,3,0.75,0.22679901535038277,0.008180762941568664,-0.05311035196659586,0.03479826162437982,0.20226843100189035,REJECTED: train_p>0.05; holdout_HAC_p>0.05; holdout_FDR_q>0.05,75.20729910277103
77,31,3,DOWN,"(31,)",return_1d ≤ Q25 (-0.0043634),1,616,258,0.41883116883116883,0.42718052738336715,-0.008349358552198316,6.85428744175232e-05,0.6623619113757979,0.9999996560409862,0.17890464928313032,209,83.0,0.39712918660287083,0.4098671726755218,-0.012737986072650975,-0.002800381421607684,0.002800381421607684,0.6596319149069556,0.9075341657620499,-0.41145876660883424,3,0,0.0,-0.9011091832743594,-0.05508692988355457,-0.21773765145866364,-0.2117121065507771,0.19754253308128544,REJECTED: train_p>0.05; holdout_HAC_p>0.05; holdout_FDR_q>0.05; holdout_win_rate<55%; nonpositive_directional_return; nonpositive_net_Sharpe; not_consistent_in_3_of_4_periods,0.08427403236855238
78,8,3,DOWN,"(8,)",Precio sobre SMA(200),1,1653,695,0.4204476709013914,0.42718052738336715,-0.006732856481975746,0.0002716906088641533,0.709997387636749,0.9999996560409862,0.14874324922040616,864,358.0,0.41435185185185186,0.4098671726755218,0.004484679176330053,-0.0005477152115643434,0.0005477152115643434,0.33015335384229594,0.7147729786953954,0.4394897496631432,4,2,0.5,-0.43701363174730545,-0.04532644834538524,-0.3170830278838781,-0.1769570132569247,0.8147448015122873,REJECTED: train_p>0.05; holdout_HAC_p>0.05; holdout_FDR_q>0.05; holdout_win_rate<55%; nonpositive_directional_return; nonpositive_net_Sharpe; not_consistent_in_3_of_4_periods,50.29166374788203
79,35,5,DOWN,"(35,)",return_3d ≤ Q25 (-0.0079209),1,616,256,0.4155844155844156,0.4292089249492901,-0.01362450936487447,0.00019341696470613883,0.7527549984985779,0.9999996560409862,0.12334635197177202,205,73.0,0.35609756097560974,0.3925855513307985,-0.03648799035518874,-0.004235157314197445,0.004235157314197445,0.8169417630705333,0.9463333157400315,-0.9037716943150429,3,1,0.3333333333333333,-0.6890736243191442,-0.047407318158438794,-0.21017941039035992,-0.18446258203073385,0.1937618147448015,REJECTED: train_p>0.05; holdout_HAC_p>0.05; holdout_FDR_q>0.05; holdout_win_rate<55%; nonpositive_directional_return; nonpositive_net_Sharpe; not_consistent_in_3_of_4_periods,33.3812450738689
80,8,5,DOWN,"(8,)",Precio sobre SMA(200),1,1653,695,0.4204476709013914,0.4292089249492901,-0.008761254047898681,0.000438627377503914,0.7641340328623626,0.9999996560409862,0.1168304573574478,862,344.0,0.3990719257540603,0.3925855513307985,0.0064863744232618314,-0.0010386141856186532,0.0010386141856186532,0.28737914358237526,0.7147729786953954,0.561057576813825,4,3,0.75,-0.45904280366500644,-0.047702173934853764,-0.32432949134282774,-0.18552187584746282,0.8128544423440454,REJECTED: train_p>0.05; holdout_HAC_p>0.05; holdout_FDR_q>0.05; holdout_win_rate<55%; nonpositive_directional_return; nonpositive_net_Sharpe,75.29166374788203
81,32,1,UP,"(32,)",return_1d ≥ Q75 (0.005695),1,616,331,0.5373376623376623,0.5521298174442191,-0.014792155106556737,0.00021237683658017082,0.7698299218440261,0.9999996560409862,0.11360521270206425,215,111.0,0.5162790697674419,0.5293560606060606,-0.013076990838618685,8.010978167433099e-05,8.010978167433099e-05,0.6593630232104956,0.9075341657620499,-0.41072532677330736,4,1,0.25,-0.6603753106371488,-0.03967659424689851,-0.22049268935680244,-0.1563127862632233,0.20226843100189035,REJECTED: train_p>0.05; holdout_HAC_p>0.05; holdout_FDR_q>0.05; holdout_win_rate<55%; nonpositive_net_Sharpe; not_consistent_in_3_of_4_periods,25.08427403236855
82,36,1,UP,"(36,)",return_3d ≥ Q75 (0.010995),1,616,329,0.5340909090909091,0.5521298174442191,-0.018038908353310013,0.00031576029171831617,0.8160288889957068,0.9999996560409862,0.0882944661121457,206,100.0,0.4854368932038835,0.5293560606060606,-0.04391916740217705,-2.867819353101904e-05,-2.867819353101904e-05,0.9298980432976688,0.9879358355700154,-1.4750321005798135,4,1,0.25,-0.5055128674965187,-0.028055415000917794,-0.13683407382016188,-0.11261121514481898,0.1947069943289225,REJECTED: train_p>0.05; holdout_HAC_p>0.05; holdout_FDR_q>0.05; holdout_win_rate<55%; nonpositive_directional_return; nonpositive_net_Sharpe; not_consistent_in_3_of_4_periods,25.010542522085444
83,35,1,DOWN,"(35,)",return_3d ≤ Q25 (-0.0079209),1,616,264,0.42857142857142855,0.44746450304259633,-0.01889307447116778,0.0003041767335931877,0.8271717174087889,0.9999996560409862,0.08240432335951828,205,90.0,0.43902439024390244,0.4696969696969697,-0.030672579453067284,-0.0005596595660761614,0.0005596595660761614,0.8336745876757421,0.9463333157400315,-0.968788301413487,3,1,0.3333333333333333,-0.2919363101406102,-0.02778486874820818,-0.2201451140263685,-0.11157370487858564,0.1937618147448015,REJECTED: train_p>0.05; holdout_HAC_p>0.05; holdout_FDR_q>0.05; holdout_win_rate<55%; nonpositive_directional_return; nonpositive_net_Sharpe; not_consistent_in_3_of_4_periods,33.3812450738689
84,35,3,DOWN,"(35,)",return_3d ≤ Q25 (-0.0079209),1,616,250,0.40584415584415584,0.42718052738336715,-0.021336371539211307,0.00044847641041851315,0.8578081901462195,0.9999996560409862,0.0666098115379241,205,84.0,0.4097560975609756,0.4098671726755218,-0.00011107511454622188,-0.0020920934622750778,0.0020920934622750778,0.5011845050300888,0.8770728838026555,-0.0029691181623148857,3,2,0.6666666666666666,-0.5668763386035944,-0.04533850453220323,-0.22376856180211624,-0.177000650163177,0.1937618147448015,REJECTED: train_p>0.05; holdout_HAC_p>0.05; holdout_FDR_q>0.05; holdout_win_rate<55%; nonpositive_directional_return; nonpositive_net_Sharpe; not_consistent_in_3_of_4_periods,66.78059529813729
85,32,5,UP,"(32,)",return_1d ≥ Q75 (0.005695),1,616,333,0.5405844155844156,0.5703853955375253,-0.029800979953109707,0.000868087896034769,0.9324331330918483,0.9999996560409862,0.03038230265114303,214,129.0,0.602803738317757,0.6064638783269962,-0.003660140009239199,0.0021822994127845886,0.0021822994127845886,0.5497004261301452,0.9075341657620499,-0.12490451016746199,4,2,0.5,0.4076939587086314,0.01348715206624651,-0.03647454427874941,0.057858072055003484,0.20132325141776938,REJECTED: train_p>0.05; holdout_HAC_p>0.05; holdout_FDR_q>0.05; not_consistent_in_3_of_4_periods,50.084274032368555
86,31,5,DOWN,"(31,)",return_1d ≤ Q25 (-0.0043634),1,616,246,0.39935064935064934,0.4292089249492901,-0.029858275598640738,0.0009021912914278368,0.9328304190470273,0.9999996560409862,0.030197300268521878,209,71.0,0.3397129186602871,0.3925855513307985,-0.0528726326705114,-0.004657388300419941,0.004657388300419941,0.9589373914034498,0.9879358355700154,-1.738485986594815,3,0,0.0,-0.9307912020650576,-0.05287102141211375,-0.2072805139451298,-0.20392173057388807,0.19754253308128544,REJECTED: train_p>0.05; holdout_HAC_p>0.05; holdout_FDR_q>0.05; holdout_win_rate<55%; nonpositive_directional_return; nonpositive_net_Sharpe; not_consistent_in_3_of_4_periods,0.01054252208544349
87,53,3,UP,"(53,)",rolling_vol_5d ≥ Q90 (0.29395),1,246,124,0.5040650406504065,0.5728194726166329,-0.06875443196622644,0.0015308266129008853,0.9853707386225015,0.9999996560409862,0.006400338593955842,37,,,,,,,,,,0,0,0.0,,,,,,REJECTED: test_n<100; train_p>0.05; insufficient_valid_subperiods,0.0
88,73,1,UP,"(73,)",dist_sma_5d ≥ Q90 (0.01307),1,247,119,0.4817813765182186,0.5521298174442191,-0.07034844092600046,0.0015984507235850334,0.9869036272733547,0.9999996560409862,0.005725254814541313,66,,,,,,,,,,0,0,0.0,,,,,,REJECTED: test_n<100; train_p>0.05; insufficient_valid_subperiods,0.0
89,3,1,UP,"(3,)",RSI(14) > 70,1,150,69,0.46,0.5521298174442191,-0.09212981744421905,0.0015936130012828148,0.988368167114388,0.9999996560409862,0.005081250592088878,78,,,,,,,,,,0,0,0.0,,,,,,REJECTED: test_n<100; train_p>0.05; insufficient_valid_subperiods,0.0
90,108,5,UP,"(108,)",zscore_close_20d ≥ Q75 (1.3434),1,612,321,0.5245098039215687,0.5703853955375253,-0.04587559161595667,0.0020365101501302087,0.9890652967159544,0.9999996560409862,0.004775035938384966,250,160.0,0.64,0.6064638783269962,0.033536121673003794,0.0020837769950399106,0.0020837769950399106,0.1735872894198403,0.6362633309017831,0.9400837979364869,4,3,0.75,0.6071388136715931,0.01607789974083107,-0.06465115369643504,0.069257800189787,0.23534971644612476,REJECTED: train_p>0.05; holdout_HAC_p>0.05; holdout_FDR_q>0.05,75.39272621056324
91,40,3,UP,"(40,)",return_5d ≥ Q75 (0.014528),1,615,323,0.5252032520325203,0.5728194726166329,-0.047616220584112634,0.002210731059540682,0.9915099854643017,0.9999996560409862,0.0037029076712772565,204,127.0,0.6225490196078431,0.5901328273244781,0.03241619228336501,0.00097873135389463,0.00097873135389463,0.18178952311479518,0.6362633309017831,0.9085664057258522,4,3,0.75,0.13750361338592132,0.0048460418514861825,-0.07533684436157462,0.02050391980062871,0.19092627599243855,REJECTED: train_p>0.05; holdout_HAC_p>0.05; holdout_FDR_q>0.05,75.39272621056324
92,31,1,DOWN,"(31,)",return_1d ≤ Q25 (-0.0043634),1,616,246,0.39935064935064934,0.44746450304259633,-0.048113853691946984,0.002149352952674065,0.9918382806360715,0.9999996560409862,0.003559133846705762,209,88.0,0.42105263157894735,0.4696969696969697,-0.04864433811802238,-0.0008138131712575021,0.0008138131712575021,0.9530767115924044,0.9879358355700154,-1.6754469224374111,3,0,0.0,-0.932150055921531,-0.07471304667942502,-0.3060766077092585,-0.27820383283879546,0.19754253308128544,REJECTED: train_p>0.05; holdout_HAC_p>0.05; holdout_FDR_q>0.05; holdout_win_rate<55%; nonpositive_directional_return; nonpositive_net_Sharpe; not_consistent_in_3_of_4_periods,0.01054252208544349
93,105,1,UP,"(105,)",macd_hist_pct ≥ Q90 (0.0037858),1,244,116,0.47540983606557374,0.5521298174442191,-0.07671998137864533,0.0018750398163806855,0.992022488096713,0.9999996560409862,0.0034784827393570996,68,,,,,,,,,,0,0,0.0,,,,,,REJECTED: test_n<100; train_p>0.05; insufficient_valid_subperiods,0.0
94,3,3,UP,"(3,)",RSI(14) > 70,1,150,71,0.47333333333333333,0.5728194726166329,-0.09948613928329958,0.0018679680798233296,0.993114183873429,0.9999996560409862,0.0030008153764648346,78,,,,,,,,,,0,0,0.0,,,,,,REJECTED: test_n<100; train_p>0.05; insufficient_valid_subperiods,0.0
95,23,5,UP,"(23,)",Mes calendario = 6,1,214,104,0.48598130841121495,0.5703853955375253,-0.08440408712631037,0.0019736795054595534,0.9936895003611665,0.9999996560409862,0.0027492990490707186,87,,,,,,,,,,0,0,0.0,,,,,,REJECTED: test_n<100; train_p>0.05; insufficient_valid_subperiods,0.0
96,45,1,UP,"(45,)",return_10d ≥ Q90 (0.035133),1,246,116,0.4715447154471545,0.5521298174442191,-0.08058510199706459,0.002087343775443888,0.9944843839115085,0.9999996560409862,0.0024020320813336487,63,,,,,,,,,,0,0,0.0,,,,,,REJECTED: test_n<100; train_p>0.05; insufficient_valid_subperiods,0.0
97,25,5,UP,"(25,)",Mes calendario = 8,1,222,107,0.481981981981982,0.5703853955375253,-0.08840341355554332,0.0022536267605274465,0.9961029165681582,0.9999996560409862,0.0016957882945892108,90,,,,,,,,,,0,0,0.0,,,,,,REJECTED: test_n<100; train_p>0.05; insufficient_valid_subperiods,0.0
98,105,3,UP,"(105,)",macd_hist_pct ≥ Q90 (0.0037858),1,244,119,0.48770491803278687,0.5728194726166329,-0.08511455458384604,0.002321763002911651,0.9964029226725745,0.9999996560409862,0.001565007250836271,68,,,,,,,,,,0,0,0.0,,,,,,REJECTED: test_n<100; train_p>0.05; insufficient_valid_subperiods,0.0
99,0,1,UP,"(0,)",3 sesiones alcistas consecutivas,1,369,178,0.4823848238482385,0.5521298174442191,-0.06974499359598058,0.0024850571393484466,0.9964720906221614,0.9999996560409862,0.0015348605947320853,138,61.0,0.4420289855072464,0.5293560606060606,-0.08732707509881416,-0.0002819901920175179,-0.0002819901920175179,0.9879358355700155,0.9879358355700154,-2.2550796638603554,4,1,0.25,-0.6564562637547074,-0.020687569407513595,-0.1064436665391113,-0.08402476356204891,0.13043478260869565,REJECTED: train_p>0.05; holdout_HAC_p>0.05; holdout_FDR_q>0.05; holdout_win_rate<55%; nonpositive_directional_return; nonpositive_net_Sharpe; not_consistent_in_3_of_4_periods,25.010542522085444
100,22,5,UP,"(22,)",Mes calendario = 5,1,212,101,0.47641509433962265,0.5703853955375253,-0.09397030119790267,0.0024199505368208956,0.9971449445019892,0.9999996560409862,0.0012417082659914708,85,,,,,,,,,,0,0,0.0,,,,,,REJECTED: test_n<100; train_p>0.05; insufficient_valid_subperiods,0.0
