holdout_rank,pattern,horizon,direction,period,period_start,period_end,cases,win_rate,baseline_rate,excess_win_rate,mean_directional_return,period_status
4,Nuevo máximo de cierre 20d AND rolling_vol_20d ≤ Q25 (0.094274),5,DOWN,1,2014-12-11,2015-12-28,3,,,,,insufficient event count (<20)
4,Nuevo máximo de cierre 20d AND rolling_vol_20d ≤ Q25 (0.094274),5,DOWN,2,2015-12-29,2017-01-12,10,,,,,insufficient event count (<20)
4,Nuevo máximo de cierre 20d AND rolling_vol_20d ≤ Q25 (0.094274),5,DOWN,3,2017-01-13,2018-01-30,78,0.34615384615384615,0.311787072243346,0.03436677391050014,-0.003646049239204895,positive skill
4,Nuevo máximo de cierre 20d AND rolling_vol_20d ≤ Q25 (0.094274),5,DOWN,4,2018-01-31,2019-02-15,11,,,,,insufficient event count (<20)
13,rolling_vol_20d ≤ Q25 (0.094274) AND zscore_close_20d ≥ Q75 (1.3434),5,DOWN,1,2014-12-11,2015-12-28,2,,,,,insufficient event count (<20)
13,rolling_vol_20d ≤ Q25 (0.094274) AND zscore_close_20d ≥ Q75 (1.3434),5,DOWN,2,2015-12-29,2017-01-12,16,,,,,insufficient event count (<20)
13,rolling_vol_20d ≤ Q25 (0.094274) AND zscore_close_20d ≥ Q75 (1.3434),5,DOWN,3,2017-01-13,2018-01-30,102,0.27450980392156865,0.311787072243346,-0.03727726832177736,-0.0043329324310124135,no positive skill
13,rolling_vol_20d ≤ Q25 (0.094274) AND zscore_close_20d ≥ Q75 (1.3434),5,DOWN,4,2018-01-31,2019-02-15,16,,,,,insufficient event count (<20)
14,rolling_vol_20d ≤ Q25 (0.094274) AND zscore_close_20d ≥ Q75 (1.3434),3,DOWN,1,2014-12-11,2015-12-29,2,,,,,insufficient event count (<20)
14,rolling_vol_20d ≤ Q25 (0.094274) AND zscore_close_20d ≥ Q75 (1.3434),3,DOWN,2,2015-12-30,2017-01-17,16,,,,,insufficient event count (<20)
14,rolling_vol_20d ≤ Q25 (0.094274) AND zscore_close_20d ≥ Q75 (1.3434),3,DOWN,3,2017-01-18,2018-02-01,102,0.3235294117647059,0.3269961977186312,-0.0034667859539253,-0.002880204477508381,no positive skill
14,rolling_vol_20d ≤ Q25 (0.094274) AND zscore_close_20d ≥ Q75 (1.3434),3,DOWN,4,2018-02-02,2019-02-20,16,,,,,insufficient event count (<20)
19,rolling_vol_10d ≤ Q25 (0.089643) AND obv_slope_20d ≥ Q75 (0.23955),5,UP,1,2014-12-11,2015-12-28,0,,,,,insufficient event count (<20)
19,rolling_vol_10d ≤ Q25 (0.089643) AND obv_slope_20d ≥ Q75 (0.23955),5,UP,2,2015-12-29,2017-01-12,20,0.5,0.596958174904943,-0.09695817490494296,0.0016974187991432188,no positive skill
19,rolling_vol_10d ≤ Q25 (0.089643) AND obv_slope_20d ≥ Q75 (0.23955),5,UP,3,2017-01-13,2018-01-30,85,0.6941176470588235,0.6844106463878327,0.00970700067099084,0.004021092912000967,positive skill
19,rolling_vol_10d ≤ Q25 (0.089643) AND obv_slope_20d ≥ Q75 (0.23955),5,UP,4,2018-01-31,2019-02-15,14,,,,,insufficient event count (<20)
20,Precio sobre SMA(200) AND rolling_vol_5d ≤ Q25 (0.079951) AND obv_slope_20d ≥ Q75 (0.23955),5,UP,1,2014-12-11,2015-12-28,1,,,,,insufficient event count (<20)
20,Precio sobre SMA(200) AND rolling_vol_5d ≤ Q25 (0.079951) AND obv_slope_20d ≥ Q75 (0.23955),5,UP,2,2015-12-29,2017-01-12,19,,,,,insufficient event count (<20)
20,Precio sobre SMA(200) AND rolling_vol_5d ≤ Q25 (0.079951) AND obv_slope_20d ≥ Q75 (0.23955),5,UP,3,2017-01-13,2018-01-30,77,0.7402597402597403,0.6844106463878327,0.05584909387190762,0.004768535667711563,positive skill
20,Precio sobre SMA(200) AND rolling_vol_5d ≤ Q25 (0.079951) AND obv_slope_20d ≥ Q75 (0.23955),5,UP,4,2018-01-31,2019-02-15,12,,,,,insufficient event count (<20)
22,rolling_vol_5d ≤ Q25 (0.079951) AND obv_slope_20d ≥ Q75 (0.23955),5,UP,1,2014-12-11,2015-12-28,1,,,,,insufficient event count (<20)
22,rolling_vol_5d ≤ Q25 (0.079951) AND obv_slope_20d ≥ Q75 (0.23955),5,UP,2,2015-12-29,2017-01-12,19,,,,,insufficient event count (<20)
22,rolling_vol_5d ≤ Q25 (0.079951) AND obv_slope_20d ≥ Q75 (0.23955),5,UP,3,2017-01-13,2018-01-30,77,0.7402597402597403,0.6844106463878327,0.05584909387190762,0.004768535667711563,positive skill
22,rolling_vol_5d ≤ Q25 (0.079951) AND obv_slope_20d ≥ Q75 (0.23955),5,UP,4,2018-01-31,2019-02-15,13,,,,,insufficient event count (<20)
24,Precio sobre SMA(200) AND rolling_vol_10d ≤ Q25 (0.089643) AND obv_slope_20d ≥ Q75 (0.23955),5,UP,1,2014-12-11,2015-12-28,0,,,,,insufficient event count (<20)
24,Precio sobre SMA(200) AND rolling_vol_10d ≤ Q25 (0.089643) AND obv_slope_20d ≥ Q75 (0.23955),5,UP,2,2015-12-29,2017-01-12,20,0.5,0.596958174904943,-0.09695817490494296,0.0016974187991432188,no positive skill
24,Precio sobre SMA(200) AND rolling_vol_10d ≤ Q25 (0.089643) AND obv_slope_20d ≥ Q75 (0.23955),5,UP,3,2017-01-13,2018-01-30,85,0.6941176470588235,0.6844106463878327,0.00970700067099084,0.004021092912000967,positive skill
24,Precio sobre SMA(200) AND rolling_vol_10d ≤ Q25 (0.089643) AND obv_slope_20d ≥ Q75 (0.23955),5,UP,4,2018-01-31,2019-02-15,13,,,,,insufficient event count (<20)
37,3 sesiones alcistas consecutivas,1,DOWN,1,2014-12-11,2015-12-29,24,0.7083333333333334,0.5227272727272727,0.18560606060606066,0.0005242649016195441,positive skill
37,3 sesiones alcistas consecutivas,1,DOWN,2,2015-12-30,2017-01-17,27,0.5925925925925926,0.4772727272727273,0.11531986531986527,0.0007446687372662664,positive skill
37,3 sesiones alcistas consecutivas,1,DOWN,3,2017-01-18,2018-02-02,44,0.4090909090909091,0.42424242424242425,-0.015151515151515138,-0.0008331276665419925,no positive skill
37,3 sesiones alcistas consecutivas,1,DOWN,4,2018-02-05,2019-02-22,43,0.6046511627906976,0.45454545454545453,0.1501057082452431,0.0009972988437489975,positive skill
47,return_5d ≥ Q75 (0.014528),3,DOWN,1,2014-12-11,2015-12-29,51,0.4117647058823529,0.44696969696969696,-0.03520499108734404,0.0004310513550677349,no positive skill
47,return_5d ≥ Q75 (0.014528),3,DOWN,2,2015-12-30,2017-01-17,51,0.3137254901960784,0.4166666666666667,-0.10294117647058826,-0.0023961499172208112,no positive skill
47,return_5d ≥ Q75 (0.014528),3,DOWN,3,2017-01-18,2018-02-01,34,0.2647058823529412,0.3269961977186312,-0.06229031536569002,-0.0032830616817775384,no positive skill
47,return_5d ≥ Q75 (0.014528),3,DOWN,4,2018-02-02,2019-02-20,68,0.45588235294117646,0.44866920152091255,0.007213151420263908,0.0001791607008196867,positive skill
49,return_1d ≤ Q25 (-0.0043634),1,UP,1,2014-12-11,2015-12-29,73,0.5342465753424658,0.4772727272727273,0.056973848069738486,0.00046607096438157646,positive skill
49,return_1d ≤ Q25 (-0.0043634),1,UP,2,2015-12-30,2017-01-17,52,0.5769230769230769,0.5189393939393939,0.05798368298368295,0.001403952847717709,positive skill
49,return_1d ≤ Q25 (-0.0043634),1,UP,3,2017-01-18,2018-02-02,18,,,,,insufficient event count (<20)
49,return_1d ≤ Q25 (-0.0043634),1,UP,4,2018-02-05,2019-02-22,66,0.5909090909090909,0.5454545454545454,0.045454545454545525,0.0009718511995663197,positive skill
50,zscore_close_20d ≥ Q75 (1.3434),5,DOWN,1,2014-12-11,2015-12-28,33,0.42424242424242425,0.44106463878326996,-0.016822214540845704,-0.0008024954619738925,no positive skill
50,zscore_close_20d ≥ Q75 (1.3434),5,DOWN,2,2015-12-29,2017-01-12,63,0.36507936507936506,0.40304182509505704,-0.03796246001569198,-0.0022723229235907115,no positive skill
50,zscore_close_20d ≥ Q75 (1.3434),5,DOWN,3,2017-01-13,2018-01-30,103,0.27184466019417475,0.311787072243346,-0.03994241204917126,-0.0043523615224170436,no positive skill
50,zscore_close_20d ≥ Q75 (1.3434),5,DOWN,4,2018-01-31,2019-02-15,51,0.49019607843137253,0.4144486692015209,0.07574740922985163,0.001901719264320217,positive skill
51,return_20d ≤ Q25 (-0.01554) AND slope_sma_50d ≤ Q25 (-0.00034302) AND obv_slope_20d ≤ Q25 (-0.039396),3,UP,1,2014-12-11,2015-12-29,23,0.5217391304347826,0.553030303030303,-0.03129117259552039,0.005173908524236786,no positive skill
51,return_20d ≤ Q25 (-0.01554) AND slope_sma_50d ≤ Q25 (-0.00034302) AND obv_slope_20d ≤ Q25 (-0.039396),3,UP,2,2015-12-30,2017-01-17,23,0.5652173913043478,0.5833333333333334,-0.018115942028985588,0.007338572539202009,no positive skill
51,return_20d ≤ Q25 (-0.01554) AND slope_sma_50d ≤ Q25 (-0.00034302) AND obv_slope_20d ≤ Q25 (-0.039396),3,UP,3,2017-01-18,2018-02-01,0,,,,,insufficient event count (<20)
51,return_20d ≤ Q25 (-0.01554) AND slope_sma_50d ≤ Q25 (-0.00034302) AND obv_slope_20d ≤ Q25 (-0.039396),3,UP,4,2018-02-02,2019-02-20,55,0.5818181818181818,0.5513307984790875,0.030487383339094287,0.0031968194438744255,positive skill
61,rolling_vol_10d ≤ Q25 (0.089643) AND obv_slope_20d ≥ Q75 (0.23955),3,UP,1,2014-12-11,2015-12-29,0,,,,,insufficient event count (<20)
61,rolling_vol_10d ≤ Q25 (0.089643) AND obv_slope_20d ≥ Q75 (0.23955),3,UP,2,2015-12-30,2017-01-17,20,0.6,0.5833333333333334,0.016666666666666607,0.0019252960053872503,positive skill
61,rolling_vol_10d ≤ Q25 (0.089643) AND obv_slope_20d ≥ Q75 (0.23955),3,UP,3,2017-01-18,2018-02-01,85,0.7058823529411765,0.6730038022813688,0.032878550659807715,0.002600701205286273,positive skill
61,rolling_vol_10d ≤ Q25 (0.089643) AND obv_slope_20d ≥ Q75 (0.23955),3,UP,4,2018-02-02,2019-02-20,14,,,,,insufficient event count (<20)
62,return_1d ≤ Q25 (-0.0043634),5,UP,1,2014-12-11,2015-12-28,73,0.6575342465753424,0.55893536121673,0.09859888535861239,0.0060339389341055255,positive skill
62,return_1d ≤ Q25 (-0.0043634),5,UP,2,2015-12-29,2017-01-12,52,0.6730769230769231,0.596958174904943,0.07611874817198017,0.004295525311887173,positive skill
62,return_1d ≤ Q25 (-0.0043634),5,UP,3,2017-01-13,2018-01-30,17,,,,,insufficient event count (<20)
62,return_1d ≤ Q25 (-0.0043634),5,UP,4,2018-01-31,2019-02-15,67,0.6417910447761194,0.5855513307984791,0.05623971397764027,0.004660487936433,positive skill
63,return_1d ≥ Q75 (0.005695),5,DOWN,1,2014-12-11,2015-12-28,61,0.4262295081967213,0.44106463878326996,-0.014835130586548673,-0.0014983711613555765,no positive skill
63,return_1d ≥ Q75 (0.005695),5,DOWN,2,2015-12-29,2017-01-12,51,0.4117647058823529,0.40304182509505704,0.008722880787295884,-0.0017556357944075458,positive skill
63,return_1d ≥ Q75 (0.005695),5,DOWN,3,2017-01-13,2018-01-30,36,0.3333333333333333,0.311787072243346,0.021546261089987306,-0.003034212850872825,positive skill
63,return_1d ≥ Q75 (0.005695),5,DOWN,4,2018-01-31,2019-02-15,66,0.3939393939393939,0.4144486692015209,-0.02050927526212698,-0.002679429474954625,no positive skill
64,dist_sma_5d ≤ Q25 (-0.0054038),1,UP,1,2014-12-11,2015-12-29,67,0.5522388059701493,0.4772727272727273,0.074966078697422,0.0009270282314275402,positive skill
64,dist_sma_5d ≤ Q25 (-0.0054038),1,UP,2,2015-12-30,2017-01-17,46,0.5217391304347826,0.5189393939393939,0.0027997364953886716,0.001168949664515608,positive skill
64,dist_sma_5d ≤ Q25 (-0.0054038),1,UP,3,2017-01-18,2018-02-02,17,,,,,insufficient event count (<20)
64,dist_sma_5d ≤ Q25 (-0.0054038),1,UP,4,2018-02-05,2019-02-22,69,0.5217391304347826,0.5454545454545454,-0.02371541501976282,4.372034159485215e-05,no positive skill
65,return_3d ≤ Q25 (-0.0079209),3,UP,1,2014-12-11,2015-12-29,72,0.6666666666666666,0.553030303030303,0.11363636363636365,0.00543747215150119,positive skill
65,return_3d ≤ Q25 (-0.0079209),3,UP,2,2015-12-30,2017-01-17,43,0.5348837209302325,0.5833333333333334,-0.04844961240310086,0.002828028398396811,no positive skill
65,return_3d ≤ Q25 (-0.0079209),3,UP,3,2017-01-18,2018-02-01,16,,,,,insufficient event count (<20)
65,return_3d ≤ Q25 (-0.0079209),3,UP,4,2018-02-02,2019-02-20,74,0.527027027027027,0.5513307984790875,-0.02430377145206053,-0.0008332544050748545,no positive skill
66,return_3d ≥ Q75 (0.010995),1,DOWN,1,2014-12-11,2015-12-29,58,0.5689655172413793,0.5227272727272727,0.04623824451410663,0.000806327502159704,positive skill
66,return_3d ≥ Q75 (0.010995),1,DOWN,2,2015-12-30,2017-01-17,48,0.5208333333333334,0.4772727272727273,0.04356060606060608,0.0003918123482633401,positive skill
66,return_3d ≥ Q75 (0.010995),1,DOWN,3,2017-01-18,2018-02-02,29,0.5517241379310345,0.42424242424242425,0.12748171368861022,-0.00023789969151578644,positive skill
66,return_3d ≥ Q75 (0.010995),1,DOWN,4,2018-02-05,2019-02-22,71,0.4507042253521127,0.45454545454545453,-0.003841229193341844,-0.0007431998439514849,no positive skill
67,return_3d ≤ Q25 (-0.0079209),1,UP,1,2014-12-11,2015-12-29,72,0.5555555555555556,0.4772727272727273,0.07828282828282829,0.0010909373895325268,positive skill
67,return_3d ≤ Q25 (-0.0079209),1,UP,2,2015-12-30,2017-01-17,43,0.6046511627906976,0.5189393939393939,0.08571176885130372,0.001116147421739016,positive skill
67,return_3d ≤ Q25 (-0.0079209),1,UP,3,2017-01-18,2018-02-02,17,,,,,insufficient event count (<20)
67,return_3d ≤ Q25 (-0.0079209),1,UP,4,2018-02-05,2019-02-22,73,0.5342465753424658,0.5454545454545454,-0.011207970112079635,0.00016388783152686138,no positive skill
68,return_1d ≥ Q75 (0.005695),1,DOWN,1,2014-12-11,2015-12-29,62,0.532258064516129,0.5227272727272727,0.009530791788856297,-0.0006884055739429285,positive skill
68,return_1d ≥ Q75 (0.005695),1,DOWN,2,2015-12-30,2017-01-17,50,0.52,0.4772727272727273,0.042727272727272725,0.0015366891182063225,positive skill
68,return_1d ≥ Q75 (0.005695),1,DOWN,3,2017-01-18,2018-02-02,36,0.5555555555555556,0.42424242424242425,0.13131313131313133,-0.00011759377243552521,positive skill
68,return_1d ≥ Q75 (0.005695),1,DOWN,4,2018-02-05,2019-02-22,67,0.373134328358209,0.45454545454545453,-0.08141112618724555,-0.000703634889226221,no positive skill
69,return_3d ≤ Q25 (-0.0079209),5,UP,1,2014-12-11,2015-12-28,72,0.7222222222222222,0.55893536121673,0.16328686100549217,0.009055747973199453,positive skill
69,return_3d ≤ Q25 (-0.0079209),5,UP,2,2015-12-29,2017-01-12,43,0.6511627906976745,0.596958174904943,0.0542046157927315,0.005190168160018879,positive skill
69,return_3d ≤ Q25 (-0.0079209),5,UP,3,2017-01-13,2018-01-30,14,,,,,insufficient event count (<20)
69,return_3d ≤ Q25 (-0.0079209),5,UP,4,2018-01-31,2019-02-15,76,0.5394736842105263,0.5855513307984791,-0.04607764658795277,-0.0012628122988814173,no positive skill
70,Precio sobre SMA(200),5,UP,1,2014-12-11,2015-12-28,199,0.5226130653266332,0.55893536121673,-0.036322295890096834,-0.0018905171951640312,no positive skill
70,Precio sobre SMA(200),5,UP,2,2015-12-29,2017-01-12,213,0.596244131455399,0.596958174904943,-0.0007140434495439552,0.002006857302919049,no positive skill
70,Precio sobre SMA(200),5,UP,3,2017-01-13,2018-01-30,263,0.6844106463878327,0.6844106463878327,0.0,0.003705299533673065,no positive skill
70,Precio sobre SMA(200),5,UP,4,2018-01-31,2019-02-15,187,0.5668449197860963,0.5855513307984791,-0.018706411012382795,-0.000697625845116857,no positive skill
71,Precio sobre SMA(200),3,UP,1,2014-12-11,2015-12-29,200,0.535,0.553030303030303,-0.018030303030302952,-0.0012054706564601332,no positive skill
71,Precio sobre SMA(200),3,UP,2,2015-12-30,2017-01-17,214,0.5887850467289719,0.5833333333333334,0.005451713395638547,0.0012817241369083312,positive skill
71,Precio sobre SMA(200),3,UP,3,2017-01-18,2018-02-01,263,0.6730038022813688,0.6730038022813688,0.0,0.0020299274772587737,no positive skill
71,Precio sobre SMA(200),3,UP,4,2018-02-02,2019-02-20,187,0.5133689839572193,0.5513307984790875,-0.0379618145218682,-0.0005018172071327326,no positive skill
72,return_1d ≤ Q25 (-0.0043634),3,UP,1,2014-12-11,2015-12-29,73,0.6301369863013698,0.553030303030303,0.07710668327106684,0.002942621560917483,positive skill
72,return_1d ≤ Q25 (-0.0043634),3,UP,2,2015-12-30,2017-01-17,52,0.5961538461538461,0.5833333333333334,0.012820512820512775,0.002683901732794824,positive skill
72,return_1d ≤ Q25 (-0.0043634),3,UP,3,2017-01-18,2018-02-01,17,,,,,insufficient event count (<20)
72,return_1d ≤ Q25 (-0.0043634),3,UP,4,2018-02-02,2019-02-20,67,0.5522388059701493,0.5513307984790875,0.0009080074910617908,0.002716442867935941,positive skill
73,return_1d ≥ Q75 (0.005695),3,DOWN,1,2014-12-11,2015-12-29,62,0.4032258064516129,0.44696969696969696,-0.04374389051808408,-0.0008733453226635843,no positive skill
73,return_1d ≥ Q75 (0.005695),3,DOWN,2,2015-12-30,2017-01-17,50,0.4,0.4166666666666667,-0.016666666666666663,-0.0013113841451480334,no positive skill
73,return_1d ≥ Q75 (0.005695),3,DOWN,3,2017-01-18,2018-02-01,36,0.3888888888888889,0.3269961977186312,0.061892691170257697,-0.0017835148581298187,positive skill
73,return_1d ≥ Q75 (0.005695),3,DOWN,4,2018-02-02,2019-02-20,66,0.4090909090909091,0.44866920152091255,-0.03957829243000344,-0.001415906605004234,no positive skill
74,Precio sobre SMA(200),1,UP,1,2014-12-11,2015-12-29,200,0.44,0.4772727272727273,-0.03727272727272729,-0.00038163346348548733,no positive skill
74,Precio sobre SMA(200),1,UP,2,2015-12-30,2017-01-17,214,0.5093457943925234,0.5189393939393939,-0.009593599546870557,0.0004127600302681816,no positive skill
74,Precio sobre SMA(200),1,UP,3,2017-01-18,2018-02-02,264,0.5757575757575758,0.5757575757575758,0.0,0.000595558657038312,no positive skill
74,Precio sobre SMA(200),1,UP,4,2018-02-05,2019-02-22,188,0.526595744680851,0.5454545454545454,-0.018858800773694395,-0.00022552636590355697,no positive skill
75,Precio sobre SMA(200),1,DOWN,1,2014-12-11,2015-12-29,200,0.56,0.5227272727272727,0.037272727272727346,0.00038163346348548733,positive skill
75,Precio sobre SMA(200),1,DOWN,2,2015-12-30,2017-01-17,214,0.48598130841121495,0.4772727272727273,0.008708581138487659,-0.0004127600302681816,positive skill
75,Precio sobre SMA(200),1,DOWN,3,2017-01-18,2018-02-02,264,0.42424242424242425,0.42424242424242425,0.0,-0.000595558657038312,no positive skill
75,Precio sobre SMA(200),1,DOWN,4,2018-02-05,2019-02-22,188,0.4734042553191489,0.45454545454545453,0.018858800773694395,0.00022552636590355697,positive skill
76,return_1d ≥ Q75 (0.005695),3,UP,1,2014-12-11,2015-12-29,62,0.5967741935483871,0.553030303030303,0.04374389051808414,0.0008733453226635843,positive skill
76,return_1d ≥ Q75 (0.005695),3,UP,2,2015-12-30,2017-01-17,50,0.6,0.5833333333333334,0.016666666666666607,0.0013113841451480334,positive skill
76,return_1d ≥ Q75 (0.005695),3,UP,3,2017-01-18,2018-02-01,36,0.6111111111111112,0.6730038022813688,-0.06189269117025764,0.0017835148581298187,no positive skill
76,return_1d ≥ Q75 (0.005695),3,UP,4,2018-02-02,2019-02-20,66,0.5909090909090909,0.5513307984790875,0.03957829243000344,0.001415906605004234,positive skill
77,return_1d ≤ Q25 (-0.0043634),3,DOWN,1,2014-12-11,2015-12-29,73,0.3698630136986301,0.44696969696969696,-0.07710668327106684,-0.002942621560917483,no positive skill
77,return_1d ≤ Q25 (-0.0043634),3,DOWN,2,2015-12-30,2017-01-17,52,0.40384615384615385,0.4166666666666667,-0.01282051282051283,-0.002683901732794824,no positive skill
77,return_1d ≤ Q25 (-0.0043634),3,DOWN,3,2017-01-18,2018-02-01,17,,,,,insufficient event count (<20)
77,return_1d ≤ Q25 (-0.0043634),3,DOWN,4,2018-02-02,2019-02-20,67,0.44776119402985076,0.44866920152091255,-0.0009080074910617908,-0.002716442867935941,no positive skill
78,Precio sobre SMA(200),3,DOWN,1,2014-12-11,2015-12-29,200,0.465,0.44696969696969696,0.018030303030303063,0.0012054706564601332,positive skill
78,Precio sobre SMA(200),3,DOWN,2,2015-12-30,2017-01-17,214,0.411214953271028,0.4166666666666667,-0.005451713395638658,-0.0012817241369083312,no positive skill
78,Precio sobre SMA(200),3,DOWN,3,2017-01-18,2018-02-01,263,0.3269961977186312,0.3269961977186312,0.0,-0.0020299274772587737,no positive skill
78,Precio sobre SMA(200),3,DOWN,4,2018-02-02,2019-02-20,187,0.48663101604278075,0.44866920152091255,0.0379618145218682,0.0005018172071327326,positive skill
79,return_3d ≤ Q25 (-0.0079209),5,DOWN,1,2014-12-11,2015-12-28,72,0.2777777777777778,0.44106463878326996,-0.16328686100549217,-0.009055747973199453,no positive skill
79,return_3d ≤ Q25 (-0.0079209),5,DOWN,2,2015-12-29,2017-01-12,43,0.3488372093023256,0.40304182509505704,-0.05420461579273145,-0.005190168160018879,no positive skill
79,return_3d ≤ Q25 (-0.0079209),5,DOWN,3,2017-01-13,2018-01-30,14,,,,,insufficient event count (<20)
79,return_3d ≤ Q25 (-0.0079209),5,DOWN,4,2018-01-31,2019-02-15,76,0.4605263157894737,0.4144486692015209,0.04607764658795277,0.0012628122988814173,positive skill
80,Precio sobre SMA(200),5,DOWN,1,2014-12-11,2015-12-28,199,0.47738693467336685,0.44106463878326996,0.03632229589009689,0.0018905171951640312,positive skill
80,Precio sobre SMA(200),5,DOWN,2,2015-12-29,2017-01-12,213,0.40375586854460094,0.40304182509505704,0.0007140434495438996,-0.002006857302919049,positive skill
80,Precio sobre SMA(200),5,DOWN,3,2017-01-13,2018-01-30,263,0.311787072243346,0.311787072243346,0.0,-0.003705299533673065,no positive skill
80,Precio sobre SMA(200),5,DOWN,4,2018-01-31,2019-02-15,187,0.43315508021390375,0.4144486692015209,0.01870641101238285,0.000697625845116857,positive skill
81,return_1d ≥ Q75 (0.005695),1,UP,1,2014-12-11,2015-12-29,62,0.46774193548387094,0.4772727272727273,-0.009530791788856352,0.0006884055739429285,no positive skill
81,return_1d ≥ Q75 (0.005695),1,UP,2,2015-12-30,2017-01-17,50,0.48,0.5189393939393939,-0.03893939393939394,-0.0015366891182063225,no positive skill
81,return_1d ≥ Q75 (0.005695),1,UP,3,2017-01-18,2018-02-02,36,0.4444444444444444,0.5757575757575758,-0.13131313131313138,0.00011759377243552521,no positive skill
81,return_1d ≥ Q75 (0.005695),1,UP,4,2018-02-05,2019-02-22,67,0.6268656716417911,0.5454545454545454,0.08141112618724566,0.000703634889226221,positive skill
82,return_3d ≥ Q75 (0.010995),1,UP,1,2014-12-11,2015-12-29,58,0.43103448275862066,0.4772727272727273,-0.04623824451410663,-0.000806327502159704,no positive skill
82,return_3d ≥ Q75 (0.010995),1,UP,2,2015-12-30,2017-01-17,48,0.4791666666666667,0.5189393939393939,-0.03977272727272724,-0.0003918123482633401,no positive skill
82,return_3d ≥ Q75 (0.010995),1,UP,3,2017-01-18,2018-02-02,29,0.4482758620689655,0.5757575757575758,-0.12748171368861028,0.00023789969151578644,no positive skill
82,return_3d ≥ Q75 (0.010995),1,UP,4,2018-02-05,2019-02-22,71,0.5492957746478874,0.5454545454545454,0.003841229193341955,0.0007431998439514849,positive skill
83,return_3d ≤ Q25 (-0.0079209),1,DOWN,1,2014-12-11,2015-12-29,72,0.4444444444444444,0.5227272727272727,-0.07828282828282829,-0.0010909373895325268,no positive skill
83,return_3d ≤ Q25 (-0.0079209),1,DOWN,2,2015-12-30,2017-01-17,43,0.3953488372093023,0.4772727272727273,-0.08192389006342499,-0.001116147421739016,no positive skill
83,return_3d ≤ Q25 (-0.0079209),1,DOWN,3,2017-01-18,2018-02-02,17,,,,,insufficient event count (<20)
83,return_3d ≤ Q25 (-0.0079209),1,DOWN,4,2018-02-05,2019-02-22,73,0.4657534246575342,0.45454545454545453,0.01120797011207969,-0.00016388783152686138,positive skill
84,return_3d ≤ Q25 (-0.0079209),3,DOWN,1,2014-12-11,2015-12-29,72,0.3333333333333333,0.44696969696969696,-0.11363636363636365,-0.00543747215150119,no positive skill
84,return_3d ≤ Q25 (-0.0079209),3,DOWN,2,2015-12-30,2017-01-17,43,0.46511627906976744,0.4166666666666667,0.04844961240310075,-0.002828028398396811,positive skill
84,return_3d ≤ Q25 (-0.0079209),3,DOWN,3,2017-01-18,2018-02-01,16,,,,,insufficient event count (<20)
84,return_3d ≤ Q25 (-0.0079209),3,DOWN,4,2018-02-02,2019-02-20,74,0.47297297297297297,0.44866920152091255,0.02430377145206042,0.0008332544050748545,positive skill
85,return_1d ≥ Q75 (0.005695),5,UP,1,2014-12-11,2015-12-28,61,0.5737704918032787,0.55893536121673,0.014835130586548617,0.0014983711613555765,positive skill
85,return_1d ≥ Q75 (0.005695),5,UP,2,2015-12-29,2017-01-12,51,0.5882352941176471,0.596958174904943,-0.008722880787295884,0.0017556357944075458,no positive skill
85,return_1d ≥ Q75 (0.005695),5,UP,3,2017-01-13,2018-01-30,36,0.6666666666666666,0.6844106463878327,-0.017743979721166037,0.003034212850872825,no positive skill
85,return_1d ≥ Q75 (0.005695),5,UP,4,2018-01-31,2019-02-15,66,0.6060606060606061,0.5855513307984791,0.02050927526212698,0.002679429474954625,positive skill
86,return_1d ≤ Q25 (-0.0043634),5,DOWN,1,2014-12-11,2015-12-28,73,0.3424657534246575,0.44106463878326996,-0.09859888535861244,-0.0060339389341055255,no positive skill
86,return_1d ≤ Q25 (-0.0043634),5,DOWN,2,2015-12-29,2017-01-12,52,0.3269230769230769,0.40304182509505704,-0.07611874817198011,-0.004295525311887173,no positive skill
86,return_1d ≤ Q25 (-0.0043634),5,DOWN,3,2017-01-13,2018-01-30,17,,,,,insufficient event count (<20)
86,return_1d ≤ Q25 (-0.0043634),5,DOWN,4,2018-01-31,2019-02-15,67,0.3582089552238806,0.4144486692015209,-0.05623971397764033,-0.004660487936433,no positive skill
90,zscore_close_20d ≥ Q75 (1.3434),5,UP,1,2014-12-11,2015-12-28,33,0.5757575757575758,0.55893536121673,0.01682221454084576,0.0008024954619738925,positive skill
90,zscore_close_20d ≥ Q75 (1.3434),5,UP,2,2015-12-29,2017-01-12,63,0.6349206349206349,0.596958174904943,0.03796246001569192,0.0022723229235907115,positive skill
90,zscore_close_20d ≥ Q75 (1.3434),5,UP,3,2017-01-13,2018-01-30,103,0.7281553398058253,0.6844106463878327,0.043744693417992586,0.0043523615224170436,positive skill
90,zscore_close_20d ≥ Q75 (1.3434),5,UP,4,2018-01-31,2019-02-15,51,0.5098039215686274,0.5855513307984791,-0.07574740922985168,-0.001901719264320217,no positive skill
91,return_5d ≥ Q75 (0.014528),3,UP,1,2014-12-11,2015-12-29,51,0.5882352941176471,0.553030303030303,0.035204991087344095,-0.0004310513550677349,positive skill
91,return_5d ≥ Q75 (0.014528),3,UP,2,2015-12-30,2017-01-17,51,0.6862745098039216,0.5833333333333334,0.1029411764705882,0.0023961499172208112,positive skill
91,return_5d ≥ Q75 (0.014528),3,UP,3,2017-01-18,2018-02-01,34,0.7352941176470589,0.6730038022813688,0.062290315365690074,0.0032830616817775384,positive skill
91,return_5d ≥ Q75 (0.014528),3,UP,4,2018-02-02,2019-02-20,68,0.5441176470588235,0.5513307984790875,-0.007213151420264019,-0.0001791607008196867,no positive skill
92,return_1d ≤ Q25 (-0.0043634),1,DOWN,1,2014-12-11,2015-12-29,73,0.4657534246575342,0.5227272727272727,-0.056973848069738486,-0.00046607096438157646,no positive skill
92,return_1d ≤ Q25 (-0.0043634),1,DOWN,2,2015-12-30,2017-01-17,52,0.4230769230769231,0.4772727272727273,-0.05419580419580422,-0.001403952847717709,no positive skill
92,return_1d ≤ Q25 (-0.0043634),1,DOWN,3,2017-01-18,2018-02-02,18,,,,,insufficient event count (<20)
92,return_1d ≤ Q25 (-0.0043634),1,DOWN,4,2018-02-05,2019-02-22,66,0.4090909090909091,0.45454545454545453,-0.045454545454545414,-0.0009718511995663197,no positive skill
99,3 sesiones alcistas consecutivas,1,UP,1,2014-12-11,2015-12-29,24,0.2916666666666667,0.4772727272727273,-0.1856060606060606,-0.0005242649016195441,no positive skill
99,3 sesiones alcistas consecutivas,1,UP,2,2015-12-30,2017-01-17,27,0.4074074074074074,0.5189393939393939,-0.11153198653198654,-0.0007446687372662664,no positive skill
99,3 sesiones alcistas consecutivas,1,UP,3,2017-01-18,2018-02-02,44,0.5909090909090909,0.5757575757575758,0.015151515151515138,0.0008331276665419925,positive skill
99,3 sesiones alcistas consecutivas,1,UP,4,2018-02-05,2019-02-22,43,0.3953488372093023,0.5454545454545454,-0.1501057082452431,-0.0009972988437489975,no positive skill
