strategy,pattern,horizon,direction,oos_net_sharpe,oos_cagr,oos_max_drawdown,oos_total_return,oos_exposure
pattern_4,Nuevo máximo de cierre 20d AND rolling_vol_20d ≤ Q25 (0.094274),5,DOWN,-0.8959730912600415,-0.013240052411612857,-0.0860621102254503,-0.05442159850263262,0.09640831758034026
pattern_13,rolling_vol_20d ≤ Q25 (0.094274) AND zscore_close_20d ≥ Q75 (1.3434),5,DOWN,-1.0174002345562505,-0.019253417638019243,-0.11279697113829701,-0.07837981871025479,0.12854442344045372
pattern_14,rolling_vol_20d ≤ Q25 (0.094274) AND zscore_close_20d ≥ Q75 (1.3434),3,DOWN,-1.2514586866253452,-0.02396941101129446,-0.12344381425598816,-0.09684326376158947,0.1285444234404537
pattern_19,rolling_vol_10d ≤ Q25 (0.089643) AND obv_slope_20d ≥ Q75 (0.23955),5,UP,0.8253224450863292,0.015902405007754306,-0.024327567231237857,0.0684826521069386,0.11247637051039698
pattern_20,Precio sobre SMA(200) AND rolling_vol_5d ≤ Q25 (0.079951) AND obv_slope_20d ≥ Q75 (0.23955),5,UP,1.119699283180607,0.019035510735608607,-0.013196541932862016,0.0823859293692677,0.10302457466918714
pattern_22,rolling_vol_5d ≤ Q25 (0.079951) AND obv_slope_20d ≥ Q75 (0.23955),5,UP,1.138918310010384,0.01945384310603182,-0.013196541932862016,0.08425267234485045,0.10396975425330812
pattern_24,Precio sobre SMA(200) AND rolling_vol_10d ≤ Q25 (0.089643) AND obv_slope_20d ≥ Q75 (0.23955),5,UP,0.8409428024157963,0.016185954444940753,-0.024327567231237857,0.06973528337900725,0.11153119092627599
pattern_37,3 sesiones alcistas consecutivas,1,DOWN,-0.5266246709428454,-0.016598409843776807,-0.11974713123240621,-0.06785957182700708,0.13043478260869565
pattern_47,return_5d ≥ Q75 (0.014528),3,DOWN,-0.6332681503891376,-0.026834757547139376,-0.1351499593103822,-0.10792282717989621,0.19092627599243855
pattern_49,return_1d ≤ Q25 (-0.0043634),1,UP,0.019645238095940546,-0.0016307071087465763,-0.11524472771245675,-0.00682854851003567,0.19754253308128544
pattern_50,zscore_close_20d ≥ Q75 (1.3434),5,DOWN,-1.1416818017399128,-0.03067768420348571,-0.15609391789970106,-0.12261952379465058,0.23534971644612476
pattern_51,return_20d ≤ Q25 (-0.01554) AND slope_sma_50d ≤ Q25 (-0.00034302) AND obv_slope_20d ≤ Q25 (-0.039396),3,UP,0.45970014658212627,0.026732883645679717,-0.08269595559893939,0.11712866109426279,0.09546313799621928
pattern_61,rolling_vol_10d ≤ Q25 (0.089643) AND obv_slope_20d ≥ Q75 (0.23955),3,UP,0.9260997170433879,0.018067518253145565,-0.020938885151681963,0.07807580153279448,0.11247637051039698
pattern_62,return_1d ≤ Q25 (-0.0043634),5,UP,0.6485492968392764,0.035726647859132044,-0.06432679808387864,0.1587918503858543,0.19754253308128544
pattern_63,return_1d ≥ Q75 (0.005695),5,DOWN,-0.8847060313604951,-0.030488803954330623,-0.1261855632643316,-0.12190151996432486,0.20132325141776938
pattern_64,dist_sma_5d ≤ Q25 (-0.0054038),1,UP,0.06843349673084441,0.0022128664811200682,-0.15563706964267632,0.009323457679715874,0.1880907372400756
pattern_65,return_3d ≤ Q25 (-0.0079209),3,UP,0.257935948893149,0.01699461568730065,-0.14092901012907655,0.07331383716954187,0.1937618147448015
pattern_66,return_3d ≥ Q75 (0.010995),1,DOWN,-0.3581452972050489,-0.020405657893311946,-0.13918089303447223,-0.08291722123187628,0.1947069943289225
pattern_67,return_3d ≤ Q25 (-0.0079209),1,UP,-0.18293746427672103,-0.01875299303960065,-0.20785276282056442,-0.07640388068860715,0.1937618147448015
pattern_68,return_1d ≥ Q75 (0.005695),1,DOWN,-0.7160253509747468,-0.04301324125965811,-0.17458816665658217,-0.16855177832372426,0.20226843100189035
pattern_69,return_3d ≤ Q25 (-0.0079209),5,UP,0.4737515151823814,0.030010573842155663,-0.1102958726692681,0.13217793157874747,0.1937618147448015
pattern_70,Precio sobre SMA(200),5,UP,0.42637170488548215,0.03711303558829537,-0.16437858889832357,0.16531804019104235,0.8128544423440454
pattern_71,Precio sobre SMA(200),3,UP,0.39024329905437427,0.033317745181121516,-0.15543413631534853,0.14751860197184796,0.8147448015122873
pattern_72,return_1d ≤ Q25 (-0.0043634),3,UP,0.5052717915943584,0.02924867748572013,-0.07742482895353109,0.12866604678217297,0.19754253308128544
pattern_73,return_1d ≥ Q75 (0.005695),3,DOWN,-0.8640438680116485,-0.03418806835548649,-0.13663742013402946,-0.13588258293292566,0.20226843100189035
pattern_74,Precio sobre SMA(200),1,UP,0.31803579298402807,0.026669296968486522,-0.15241092510740895,0.11683822273977973,0.8166351606805293
pattern_75,Precio sobre SMA(200),1,DOWN,-0.40127404814852907,-0.04303125967459065,-0.32316112095131255,-0.16861750140466514,0.8166351606805293
pattern_76,return_1d ≥ Q75 (0.005695),3,UP,0.22679901535038277,0.008180762941568664,-0.05311035196659586,0.03479826162437982,0.20226843100189035
pattern_77,return_1d ≤ Q25 (-0.0043634),3,DOWN,-0.9011091832743594,-0.05508692988355457,-0.21773765145866364,-0.2117121065507771,0.19754253308128544
pattern_78,Precio sobre SMA(200),3,DOWN,-0.43701363174730545,-0.04532644834538524,-0.3170830278838781,-0.1769570132569247,0.8147448015122873
pattern_79,return_3d ≤ Q25 (-0.0079209),5,DOWN,-0.6890736243191442,-0.047407318158438794,-0.21017941039035992,-0.18446258203073385,0.1937618147448015
pattern_80,Precio sobre SMA(200),5,DOWN,-0.45904280366500644,-0.047702173934853764,-0.32432949134282774,-0.18552187584746282,0.8128544423440454
pattern_81,return_1d ≥ Q75 (0.005695),1,UP,-0.6603753106371488,-0.03967659424689851,-0.22049268935680244,-0.1563127862632233,0.20226843100189035
pattern_82,return_3d ≥ Q75 (0.010995),1,UP,-0.5055128674965187,-0.028055415000917794,-0.13683407382016188,-0.11261121514481898,0.1947069943289225
pattern_83,return_3d ≤ Q25 (-0.0079209),1,DOWN,-0.2919363101406102,-0.02778486874820818,-0.2201451140263685,-0.11157370487858564,0.1937618147448015
pattern_84,return_3d ≤ Q25 (-0.0079209),3,DOWN,-0.5668763386035944,-0.04533850453220323,-0.22376856180211624,-0.177000650163177,0.1937618147448015
pattern_85,return_1d ≥ Q75 (0.005695),5,UP,0.4076939587086314,0.01348715206624651,-0.03647454427874941,0.057858072055003484,0.20132325141776938
pattern_86,return_1d ≤ Q25 (-0.0043634),5,DOWN,-0.9307912020650576,-0.05287102141211375,-0.2072805139451298,-0.20392173057388807,0.19754253308128544
pattern_90,zscore_close_20d ≥ Q75 (1.3434),5,UP,0.6071388136715931,0.01607789974083107,-0.06465115369643504,0.069257800189787,0.23534971644612476
pattern_91,return_5d ≥ Q75 (0.014528),3,UP,0.13750361338592132,0.0048460418514861825,-0.07533684436157462,0.02050391980062871,0.19092627599243855
pattern_92,return_1d ≤ Q25 (-0.0043634),1,DOWN,-0.932150055921531,-0.07471304667942502,-0.3060766077092585,-0.27820383283879546,0.19754253308128544
pattern_99,3 sesiones alcistas consecutivas,1,UP,-0.6564562637547074,-0.020687569407513595,-0.1064436665391113,-0.08402476356204891,0.13043478260869565
