symbol,n_d,ac1_d,ac5_d,ac1_m,media_ac1_diaria,mediana_ac1_diaria
LNT,1257,-0.35485335078932356,-0.007854941432999397,-0.20721446400789995,-0.010624204227331121,-0.009805737921950344
EFX,1257,-0.20392958677250098,0.04196055278262456,0.0376159995690731,-0.010624204227331121,-0.009805737921950344
COL,1257,-0.18874890769438046,-0.026393536862462322,-0.03951816049392499,-0.010624204227331121,-0.009805737921950344
NWL,1257,-0.1852680943866633,0.006120864214338733,0.07319877698869638,-0.010624204227331121,-0.009805737921950344
EQT,1257,-0.12285832496762028,-0.05191421160484241,-0.09759559536374035,-0.010624204227331121,-0.009805737921950344
MRK,1257,-0.1147305335301868,-0.00789165946974164,-0.21091284464652493,-0.010624204227331121,-0.009805737921950344
ICE,1252,-0.11244847997940197,0.01604361673311639,-0.20637419775178695,-0.010624204227331121,-0.009805737921950344
O,1241,-0.1101869977646204,0.05785039112806188,-0.1494463179817767,-0.010624204227331121,-0.009805737921950344
MTD,1257,-0.10544511059575026,-0.03830311408229002,-0.09150561204484926,-0.010624204227331121,-0.009805737921950344
ZTS,1257,-0.09933700686605204,0.023560586583325972,-0.08744615247539923,-0.010624204227331121,-0.009805737921950344
ROP,1257,-0.09902942581483638,0.03894962533273634,-0.17714776211864888,-0.010624204227331121,-0.009805737921950344
SCG,1257,-0.09158412432980519,0.018977768369700103,0.11897125422876419,-0.010624204227331121,-0.009805737921950344
TMO,1257,-0.08551699271496037,-0.005654320151391778,-0.25717923931824616,-0.010624204227331121,-0.009805737921950344
IFF,1257,-0.08161052643966506,-0.012848677596250213,-0.08119648753398662,-0.010624204227331121,-0.009805737921950344
FLR,1257,-0.08101520317114957,-0.03672721118260728,-0.07508681992580929,-0.010624204227331121,-0.009805737921950344
CL,1257,-0.08070365927481407,0.04403270437534108,-0.07214693417637871,-0.010624204227331121,-0.009805737921950344
K,1257,-0.07821551964974842,0.024051122638923148,-0.11681564824380232,-0.010624204227331121,-0.009805737921950344
V,1257,-0.07810231261154434,-0.022259986254322083,-0.17967632946446793,-0.010624204227331121,-0.009805737921950344
LEG,1257,-0.0761438598739687,-0.020294886834126193,-0.02581808002893177,-0.010624204227331121,-0.009805737921950344
RSG,1257,-0.07572269719404096,-0.0059024905815063845,-0.16415220581597278,-0.010624204227331121,-0.009805737921950344
XRX,1257,-0.07559493351172179,0.00018875180250216191,-0.15869747516715182,-0.010624204227331121,-0.009805737921950344
CTXS,1257,-0.07453913722809513,-0.018979084902593084,-0.304593485413193,-0.010624204227331121,-0.009805737921950344
BRK.B,1257,-0.07399220015394403,0.0049004645889395015,-0.15256948291480787,-0.010624204227331121,-0.009805737921950344
UHS,1257,-0.07376973064808812,0.021589340875005875,0.07517047373202383,-0.010624204227331121,-0.009805737921950344
MDLZ,1257,-0.07343595560704133,0.03932369747740845,-0.2600066577073008,-0.010624204227331121,-0.009805737921950344
COG,1257,-0.07297738602508143,-0.04873629753582787,0.015276447994140416,-0.010624204227331121,-0.009805737921950344
ECL,1257,-0.07196372951727308,-0.01371201215809278,-0.01180927817504694,-0.010624204227331121,-0.009805737921950344
FIS,1257,-0.0718384051202396,0.00405064305026779,-0.17411270268536957,-0.010624204227331121,-0.009805737921950344
TJX,1257,-0.07178099765430951,-0.011130124364436944,-0.024453444890511336,-0.010624204227331121,-0.009805737921950344
MPC,1257,-0.07096891961277078,-0.033556807481078366,0.016215489283240073,-0.010624204227331121,-0.009805737921950344
BSX,1257,-0.06957428374847817,0.03540311982640683,-0.06864590757856742,-0.010624204227331121,-0.009805737921950344
ANTM,1257,-0.06927367774245088,-0.020075060515284616,-0.034586574086769795,-0.010624204227331121,-0.009805737921950344
WAT,1257,-0.06920573924212313,0.04536497783662077,-0.1153214397555313,-0.010624204227331121,-0.009805737921950344
OMC,1257,-0.06876748704403136,0.015788680951360712,-0.19912620790283309,-0.010624204227331121,-0.009805737921950344
DHR,1241,-0.06780770560041094,-0.007627106463792882,-0.13709119152514895,-0.010624204227331121,-0.009805737921950344
CVS,1257,-0.06658772801648319,0.0025075420883641816,-0.26056970679158403,-0.010624204227331121,-0.009805737921950344
AWK,1257,-0.06542089134353732,0.038001470633418785,-0.04176881727468056,-0.010624204227331121,-0.009805737921950344
CNP,1257,-0.06533831870546793,-0.003971454153821581,-0.059937684670013446,-0.010624204227331121,-0.009805737921950344
HIG,1257,-0.064999378260113,-0.03371131120928107,-0.011010616137652206,-0.010624204227331121,-0.009805737921950344
PKG,1257,-0.06413805008121796,0.031426763992998034,-0.044890919593638515,-0.010624204227331121,-0.009805737921950344
EL,1257,-0.0631390859557569,0.04302445909307717,-0.08706469457654897,-0.010624204227331121,-0.009805737921950344
FOX,1167,-0.06298500342291379,0.0031312203550500875,-0.10026778208532201,-0.010624204227331121,-0.009805737921950344
CTAS,1257,-0.06242689496761662,-0.030515370169473668,-0.24368336340747734,-0.010624204227331121,-0.009805737921950344
LLL,1257,-0.061971514021530005,-0.027872494429885146,-0.21318618857628327,-0.010624204227331121,-0.009805737921950344
SYY,1257,-0.06125938482022984,-0.013018153543382307,-0.08244609360496148,-0.010624204227331121,-0.009805737921950344
PEG,1257,-0.06074397228175562,0.02005002495313301,-0.18357936926726315,-0.010624204227331121,-0.009805737921950344
JNPR,1257,-0.06028917358535585,-0.03762542243486319,-0.019795422632298672,-0.010624204227331121,-0.009805737921950344
AES,1257,-0.05997200544316369,-0.015199025345570908,-0.2046150075815749,-0.010624204227331121,-0.009805737921950344
AIG,1257,-0.059205560522320524,-0.005038965988045894,-0.20661339578808652,-0.010624204227331121,-0.009805737921950344
FE,1257,-0.05840477969283082,0.0627824578453734,-0.28755726217279837,-0.010624204227331121,-0.009805737921950344
LLY,1257,-0.05818596682387156,0.05543794999598624,0.0380328440248308,-0.010624204227331121,-0.009805737921950344
LH,1257,-0.057922541780616205,0.0211553717071865,-0.024946220078186282,-0.010624204227331121,-0.009805737921950344
MA,1257,-0.057607596886863725,-0.013153661101274021,-0.1535774326967172,-0.010624204227331121,-0.009805737921950344
MMC,1257,-0.05760096627705653,0.012050093023716537,-0.31578325116549166,-0.010624204227331121,-0.009805737921950344
COTY,1171,-0.05723169043822863,0.0421002261145835,-0.20916773375598294,-0.010624204227331121,-0.009805737921950344
D,1257,-0.057172765017723774,-0.029650194715840177,-0.2537724930878891,-0.010624204227331121,-0.009805737921950344
AVB,1257,-0.057134383876426324,0.0067359541488820505,-0.2702695857708069,-0.010624204227331121,-0.009805737921950344
EXPD,1257,-0.05704834005217943,-0.02407424481775726,-0.13876107998599319,-0.010624204227331121,-0.009805737921950344
EMN,1257,-0.056923924315423056,-0.05440078881818195,-0.1295220839616384,-0.010624204227331121,-0.009805737921950344
HSY,1257,-0.05668158598061593,0.013310665170330898,-0.13027246808473636,-0.010624204227331121,-0.009805737921950344
IP,1257,-0.05584262380267811,0.0038914840639204962,0.03402878414417723,-0.010624204227331121,-0.009805737921950344
ESRX,1257,-0.05552207299231432,0.01520857425329165,-0.03719900175637676,-0.010624204227331121,-0.009805737921950344
CLX,1257,-0.05408759011569748,0.015612286249084905,0.026300261151551232,-0.010624204227331121,-0.009805737921950344
IT,1257,-0.05347464793353266,-0.0058137372878026335,-0.25133887347113454,-0.010624204227331121,-0.009805737921950344
DRI,1257,-0.05308587236608771,0.029975269094895576,-0.02566046762004487,-0.010624204227331121,-0.009805737921950344
TXT,1257,-0.05272919660250996,-0.028286775403530896,-0.023485748094178766,-0.010624204227331121,-0.009805737921950344
XEC,1257,-0.05202483416757191,0.007183074286694101,0.019597196165839176,-0.010624204227331121,-0.009805737921950344
WU,1257,-0.05186975191592207,0.006766285885832315,-0.2012554164143536,-0.010624204227331121,-0.009805737921950344
HSIC,1257,-0.05185912823740244,-0.0502992963894068,-0.006436380392376533,-0.010624204227331121,-0.009805737921950344
SNPS,1257,-0.05165901313344986,0.019766341077247177,-0.1480232351515329,-0.010624204227331121,-0.009805737921950344
MNST,1257,-0.05159173447567354,-0.004160867855192024,-0.1398728403145086,-0.010624204227331121,-0.009805737921950344
HCA,1257,-0.05126723585848989,0.022862718803527717,0.1776070465030959,-0.010624204227331121,-0.009805737921950344
SRCL,1257,-0.04997869374145479,-0.006959901205959784,-0.2261436136558073,-0.010624204227331121,-0.009805737921950344
BLL,1257,-0.049863650962179436,-0.0022686654513769623,-0.15487967221448667,-0.010624204227331121,-0.009805737921950344
SHW,1257,-0.04971976325704118,-0.00929283196645045,-0.07036642007315984,-0.010624204227331121,-0.009805737921950344
PX,1257,-0.04931811813495289,-0.0455392785627567,-0.006571005099320822,-0.010624204227331121,-0.009805737921950344
PDCO,1257,-0.04875020053377835,-0.03820455989633617,-0.1320607582727952,-0.010624204227331121,-0.009805737921950344
AMGN,1257,-0.04869771132316679,0.018374611044816205,-0.11040419496763494,-0.010624204227331121,-0.009805737921950344
TIF,1257,-0.048271431403084375,0.004258632753835942,-0.05995203704818127,-0.010624204227331121,-0.009805737921950344
MCHP,1257,-0.04791751440942488,-0.03403079930361233,-0.18703437257886418,-0.010624204227331121,-0.009805737921950344
NDAQ,1257,-0.047283815619786236,0.047858257547324326,-0.18721129381569077,-0.010624204227331121,-0.009805737921950344
A,1257,-0.04718561429972743,-0.021645377466371633,-0.00978461793058895,-0.010624204227331121,-0.009805737921950344
ADI,1257,-0.04570443555962081,-0.0189714476536711,-0.33187968423892605,-0.010624204227331121,-0.009805737921950344
DGX,1257,-0.04556202161220197,0.02330485173302232,-0.1859745323804006,-0.010624204227331121,-0.009805737921950344
ALL,1257,-0.0454669416357249,0.032830146447539815,-0.11536664759642444,-0.010624204227331121,-0.009805737921950344
JNJ,1257,-0.04532188138625507,0.06801513889536978,-0.05402638999336681,-0.010624204227331121,-0.009805737921950344
VMC,1257,-0.045185555686062716,-0.013049065227644555,-0.01638193906899347,-0.010624204227331121,-0.009805737921950344
BF.B,1257,-0.044880060085752696,-0.0024727586952576035,-0.10010969194274083,-0.010624204227331121,-0.009805737921950344
PG,1257,-0.043895903363068096,0.0573398473723461,0.07764330171935238,-0.010624204227331121,-0.009805737921950344
HRB,1257,-0.04318174470466792,0.002513198095755344,0.012093128280519517,-0.010624204227331121,-0.009805737921950344
SPGI,1257,-0.042641364032911265,-0.012875688118658399,-0.113380424831216,-0.010624204227331121,-0.009805737921950344
NSC,1257,-0.04109037450204825,-0.02588435065021886,0.06701225327495319,-0.010624204227331121,-0.009805737921950344
RHI,1257,-0.04106225380883534,0.00774850126522152,-0.29386798698310707,-0.010624204227331121,-0.009805737921950344
AVY,1257,-0.040814860372595345,0.014532047708995898,-0.061403633228465045,-0.010624204227331121,-0.009805737921950344
FOXA,1167,-0.04079978227882038,0.0010246034926834364,-0.11041163241729,-0.010624204227331121,-0.009805737921950344
WYN,1257,-0.040798312681038035,0.0033984298763706164,-0.066068002563373,-0.010624204227331121,-0.009805737921950344
ISRG,1257,-0.040756882005261945,0.004018101075549014,0.009701753886643053,-0.010624204227331121,-0.009805737921950344
AET,1257,-0.040653557129775676,-0.026690626139588232,-0.270414321865938,-0.010624204227331121,-0.009805737921950344
XEL,1257,-0.040533358758394256,0.026544527819070966,-0.20840363274723245,-0.010624204227331121,-0.009805737921950344
CRM,1257,-0.04052065390021893,0.024015196270101027,-0.21444592444277424,-0.010624204227331121,-0.009805737921950344
FISV,1257,-0.04043241712858741,-0.030391279942605282,-0.29313774247246055,-0.010624204227331121,-0.009805737921950344
DVA,1257,-0.040329853719626725,-0.0033191047791581705,-0.06942815723057513,-0.010624204227331121,-0.009805737921950344
VRTX,1257,-0.04004506643774253,-0.004717870355591554,0.09789049668004052,-0.010624204227331121,-0.009805737921950344
AZO,1257,-0.039772632258759835,-0.004529468799233071,0.01439966410664032,-0.010624204227331121,-0.009805737921950344
TSN,1257,-0.0397713700896769,0.004097669603811589,0.013856061186029285,-0.010624204227331121,-0.009805737921950344
MKC,1257,-0.03968548365635238,-0.021984162582427604,-0.18504556729425872,-0.010624204227331121,-0.009805737921950344
SYMC,1257,-0.039682153788969124,0.0012962235727374586,0.015996791728462547,-0.010624204227331121,-0.009805737921950344
ALXN,1257,-0.039593749584048,0.02257601544188865,-0.1907815845770871,-0.010624204227331121,-0.009805737921950344
MDT,1257,-0.039537402609010674,-0.038268290771465846,-0.0883017608219137,-0.010624204227331121,-0.009805737921950344
ATVI,1257,-0.039039737679337015,-0.048344553782057764,-0.06611187579933459,-0.010624204227331121,-0.009805737921950344
MRO,1257,-0.039009469902492336,0.031650518361409676,0.038399419126394406,-0.010624204227331121,-0.009805737921950344
KLAC,1257,-0.0387328061619374,-0.00027243857514957365,-0.122949753202521,-0.010624204227331121,-0.009805737921950344
CSX,1257,-0.03872407551199336,-0.025980289755714436,-0.060464531856667385,-0.010624204227331121,-0.009805737921950344
KO,1257,-0.0380923985333053,-0.008921809145937471,-0.3446099004732803,-0.010624204227331121,-0.009805737921950344
CME,1257,-0.03802051736168573,-0.03255980500130119,-0.15032079999211376,-0.010624204227331121,-0.009805737921950344
SJM,1257,-0.03800549569084124,0.019287006309369883,-0.03325129131981858,-0.010624204227331121,-0.009805737921950344
HON,1257,-0.037854984095887424,-0.07327019297531369,-0.3148609189384487,-0.010624204227331121,-0.009805737921950344
VAR,1257,-0.0377864566520043,0.040534721865730976,-0.26853527746517014,-0.010624204227331121,-0.009805737921950344
WBA,1257,-0.037769037654354055,0.020629619830717618,-0.1342014345314638,-0.010624204227331121,-0.009805737921950344
NVDA,1257,-0.0366554357332058,-0.018716208215329128,-0.19511752727264392,-0.010624204227331121,-0.009805737921950344
SEE,1257,-0.036550941724676,-0.004528117671286091,-0.26434428199255394,-0.010624204227331121,-0.009805737921950344
SCHW,1257,-0.035972008496238966,-0.02542969186532486,-0.12202141223358709,-0.010624204227331121,-0.009805737921950344
CI,1257,-0.03563107139013732,-0.04473796243459539,-0.16496448037025974,-0.010624204227331121,-0.009805737921950344
NKE,1257,-0.03478444309747062,-0.021810558902829843,0.0827405650986594,-0.010624204227331121,-0.009805737921950344
MMM,1257,-0.034654846592843166,-0.011059359129200632,-0.11274299756468445,-0.010624204227331121,-0.009805737921950344
PPG,1257,-0.034400332334579536,-0.01151530309235765,-0.06322178294310002,-0.010624204227331121,-0.009805737921950344
LOW,1257,-0.034039101818294885,-0.07152739469769143,-0.024241369007531682,-0.010624204227331121,-0.009805737921950344
CB,1257,-0.03375438927150622,0.006459735533914967,-0.3137943618083661,-0.010624204227331121,-0.009805737921950344
CERN,1257,-0.033106325434500636,0.02548332472395326,0.01548798728498845,-0.010624204227331121,-0.009805737921950344
SWKS,1257,-0.032672312598422036,-0.014982258527419962,-0.037368744801365934,-0.010624204227331121,-0.009805737921950344
TXN,1257,-0.032492035035350274,-0.06192589329860486,-0.12214926317943213,-0.010624204227331121,-0.009805737921950344
NEM,1257,-0.031525313316893656,0.008616584641056755,-0.0252921285471019,-0.010624204227331121,-0.009805737921950344
APH,1257,-0.03134557213292932,-0.028880421487087846,-0.06899243751296731,-0.010624204227331121,-0.009805737921950344
CBS,1257,-0.03126124174503122,-0.05838646992141734,-0.03154605984710034,-0.010624204227331121,-0.009805737921950344
AEP,1257,-0.031223763310753983,0.02359134252898755,-0.1970794687961026,-0.010624204227331121,-0.009805737921950344
GIS,1257,-0.03053497679258161,0.018582626607885674,0.03263821994618599,-0.010624204227331121,-0.009805737921950344
MCK,1257,-0.030026484464613444,0.0067611266552689495,-0.014095964385455052,-0.010624204227331121,-0.009805737921950344
PNC,1257,-0.029826307857182405,-0.04314884685334931,-0.01082622461758715,-0.010624204227331121,-0.009805737921950344
STZ,1257,-0.029807819487234138,0.008814493997195583,-0.10429428844993278,-0.010624204227331121,-0.009805737921950344
EA,1257,-0.029775534241289408,-0.07116820358421169,-0.21459402467282404,-0.010624204227331121,-0.009805737921950344
IPG,1257,-0.029750221049645132,-0.011272165367185153,-0.21414176435714924,-0.010624204227331121,-0.009805737921950344
CHD,1257,-0.02961943578858143,0.05089919317833907,-0.06731108165121022,-0.010624204227331121,-0.009805737921950344
HOG,1257,-0.02949242031526829,-0.052366156102766404,-0.021223966036874996,-0.010624204227331121,-0.009805737921950344
MCD,1257,-0.02891855759287815,-0.003459141240166587,0.019015787404017884,-0.010624204227331121,-0.009805737921950344
CPB,1257,-0.028816142406812958,0.01284809513883222,-0.20047115395785242,-0.010624204227331121,-0.009805737921950344
WM,1257,-0.02869549271535171,0.005283418304991888,-0.10011813913688582,-0.010624204227331121,-0.009805737921950344
AIZ,1257,-0.027764185249669896,-0.0374636899369211,0.03241766713250813,-0.010624204227331121,-0.009805737921950344
ALK,1257,-0.02745334625015525,0.031667433434590914,-0.07094037136853475,-0.010624204227331121,-0.009805737921950344
PWR,1257,-0.02690505164993235,-0.062491438431567,0.06386203848326737,-0.010624204227331121,-0.009805737921950344
PEP,1257,-0.026430176849183574,0.00968184220204816,-0.136753938548272,-0.010624204227331121,-0.009805737921950344
CHTR,1257,-0.026348694382847808,-0.03988229228508303,-0.06279279539283515,-0.010624204227331121,-0.009805737921950344
TRV,1257,-0.026322425091347475,0.006310203020455427,-0.24590300245282515,-0.010624204227331121,-0.009805737921950344
OXY,1257,-0.026321159659836172,-0.010492249015631044,-0.18111852869437617,-0.010624204227331121,-0.009805737921950344
ROK,1257,-0.026035110579485054,-0.01261975209919675,-0.1472480191286644,-0.010624204227331121,-0.009805737921950344
NLSN,1257,-0.025613841594313083,0.005482248414139886,-0.20935778136126554,-0.010624204227331121,-0.009805737921950344
VNO,1257,-0.02551605355447282,-0.02427419998032375,-0.004188993345315339,-0.010624204227331121,-0.009805737921950344
KHC,653,-0.025330863951414314,-0.011031266049655326,-0.21530239596122694,-0.010624204227331121,-0.009805737921950344
KMB,1257,-0.02530097822389209,0.043275462812073645,-0.1040141744812512,-0.010624204227331121,-0.009805737921950344
AON,1257,-0.02475438183586376,-0.027533143758423004,-0.16008754602571063,-0.010624204227331121,-0.009805737921950344
ETR,1257,-0.0244342340776702,0.03264046652509967,-0.10777416742876955,-0.010624204227331121,-0.009805737921950344
ADP,1257,-0.024345780290917256,-0.03905567500149702,-0.2480427064605832,-0.010624204227331121,-0.009805737921950344
DG,1257,-0.024278381525575345,-0.05785197676784515,-0.19754308561552503,-0.010624204227331121,-0.009805737921950344
LRCX,1257,-0.023998834149781455,-0.019470385933441296,-0.1957336252988234,-0.010624204227331121,-0.009805737921950344
EBAY,1257,-0.023020530550461993,-0.022955262284465695,0.020390007036408458,-0.010624204227331121,-0.009805737921950344
ILMN,1257,-0.022871605830621672,0.02149884606479851,-0.02329469511872008,-0.010624204227331121,-0.009805737921950344
WEC,1257,-0.022806894862039653,0.04520123823769337,-0.21256514682375546,-0.010624204227331121,-0.009805737921950344
MHK,1257,-0.02224159777043116,-0.03363125298727453,-0.24779997931957382,-0.010624204227331121,-0.009805737921950344
HOLX,1257,-0.022163306007039096,0.005253003238261662,-0.0573581130659498,-0.010624204227331121,-0.009805737921950344
RHT,1257,-0.022140029258247762,-0.0016170089958271819,-0.04053054513779473,-0.010624204227331121,-0.009805737921950344
L,1257,-0.021981750159911485,-0.034689808406871595,-0.24571231224288864,-0.010624204227331121,-0.009805737921950344
SRE,1257,-0.02184033925823737,0.029830994768095254,-0.1810646016441099,-0.010624204227331121,-0.009805737921950344
WMB,1257,-0.021558676650286487,0.012803571693572394,0.3809994226716949,-0.010624204227331121,-0.009805737921950344
AVGO,1257,-0.021365442751145672,-0.01861112263374305,-0.2872415667832654,-0.010624204227331121,-0.009805737921950344
NEE,1257,-0.02126695301732318,0.012572775609109866,-0.32822986796700215,-0.010624204227331121,-0.009805737921950344
DUK,1257,-0.020936496173631934,0.057133428065646946,-0.19396465243525718,-0.010624204227331121,-0.009805737921950344
MCO,1257,-0.020782925801567678,-0.001382218051007349,-0.12248700251729266,-0.010624204227331121,-0.009805737921950344
EQR,1257,-0.020156391974704167,0.01350604341395615,-0.1554683819558562,-0.010624204227331121,-0.009805737921950344
SPG,1257,-0.019934901474599177,0.0020072793967095067,-0.16911928891406233,-0.010624204227331121,-0.009805737921950344
TMK,1257,-0.019793796541822305,-0.029426909722673564,0.006411978334934488,-0.010624204227331121,-0.009805737921950344
ANDV,1257,-0.01958389206298696,-0.037994843286545225,-0.10275511770735545,-0.010624204227331121,-0.009805737921950344
AAP,1257,-0.019468468731120982,-0.06246988138202376,-0.12077689603748194,-0.010624204227331121,-0.009805737921950344
MO,1257,-0.019433159271398128,0.0538779397831054,-0.06998837040370798,-0.010624204227331121,-0.009805737921950344
EXC,1257,-0.019429528971762276,0.039309021127319724,0.09246888737628456,-0.010624204227331121,-0.009805737921950344
ROST,1257,-0.019383255082071126,0.0032769762808162644,-0.03810014476950847,-0.010624204227331121,-0.009805737921950344
DPS,1257,-0.019339257216631378,0.004657755162454007,0.021023531570768732,-0.010624204227331121,-0.009805737921950344
INFO,915,-0.018983366269776397,-0.02222701485333867,-0.17637177585915104,-0.010624204227331121,-0.009805737921950344
AFL,1257,-0.018853694284035147,-0.02010595699622305,-0.06064751458238995,-0.010624204227331121,-0.009805737921950344
PBCT,1257,-0.018838110247714267,-0.031698919769974035,-0.11758831188694419,-0.010624204227331121,-0.009805737921950344
YUM,1257,-0.01880523278129193,-0.006255783147275891,-0.13703176148568041,-0.010624204227331121,-0.009805737921950344
CXO,1257,-0.01859981166207748,0.0027726002660438532,-0.128374639500114,-0.010624204227331121,-0.009805737921950344
AMD,1257,-0.018431001982496573,-0.06227577402560587,0.07330216736368733,-0.010624204227331121,-0.009805737921950344
GRMN,1257,-0.018120908477695263,-0.0260307162100917,-0.09943431062384414,-0.010624204227331121,-0.009805737921950344
TROW,1257,-0.01780505911639266,0.029068970046098246,-0.1401332458981768,-0.010624204227331121,-0.009805737921950344
XYL,1257,-0.017741144763531145,-0.0076561100249997295,-0.06082545415831705,-0.010624204227331121,-0.009805737921950344
CMG,1257,-0.01728103770534415,-0.020411647730999363,-0.023935897806747312,-0.010624204227331121,-0.009805737921950344
CTSH,1257,-0.017124114951888442,0.005515275139828506,-0.2033580848965016,-0.010624204227331121,-0.009805737921950344
CMCSA,1257,-0.017066852496788954,-0.04374911830993612,-0.2605758541585298,-0.010624204227331121,-0.009805737921950344
SNA,1257,-0.016902704120038026,-0.06591843309462483,-0.09155606751834468,-0.010624204227331121,-0.009805737921950344
EOG,1257,-0.01681217845973694,-0.032546296026398386,-0.11052003990859861,-0.010624204227331121,-0.009805737921950344
CNC,1257,-0.016627466657461582,-0.01740966405065416,-0.06688530177562152,-0.010624204227331121,-0.009805737921950344
DOV,1257,-0.016283133896247373,-0.0274100743169669,-0.23169597007216172,-0.010624204227331121,-0.009805737921950344
VLO,1257,-0.016192029536902488,-0.024844785757931392,0.027150392503236195,-0.010624204227331121,-0.009805737921950344
FRT,1257,-0.016182983630756827,0.007536661436056748,-0.09886244918986895,-0.010624204227331121,-0.009805737921950344
BBY,1257,-0.016001007755080406,-0.03699403426988233,0.024676549130164184,-0.010624204227331121,-0.009805737921950344
WMT,1257,-0.015914256871771122,-0.007235029816043944,0.05753610521049726,-0.010624204227331121,-0.009805737921950344
NUE,1257,-0.015553830553659664,-0.05314486738851823,-0.17192540503322057,-0.010624204227331121,-0.009805737921950344
ADS,1257,-0.015218092744531548,0.021148849740670682,-0.28652770704623304,-0.010624204227331121,-0.009805737921950344
HAS,1257,-0.015098747632311445,-0.013036557930251921,0.012148669795862517,-0.010624204227331121,-0.009805737921950344
ACN,1257,-0.014753858672547016,-0.040035003809982886,-0.3208603840247539,-0.010624204227331121,-0.009805737921950344
NTAP,1257,-0.014474425605191878,-0.007976569164708666,-0.08609053484664869,-0.010624204227331121,-0.009805737921950344
CAH,1257,-0.014417110421942806,0.03854018081191854,0.021742437829584724,-0.010624204227331121,-0.009805737921950344
MAR,1257,-0.014314741162234336,0.0024374303637989983,-0.03929286508971804,-0.010624204227331121,-0.009805737921950344
KSS,1257,-0.014265588171238833,0.010764922709391715,-0.005260771320184189,-0.010624204227331121,-0.009805737921950344
ES,1247,-0.0141685058861845,-0.02387435289726164,-0.33548388933011214,-0.010624204227331121,-0.009805737921950344
CSCO,1257,-0.013843442737600907,0.052365219748461055,-0.23555932445943853,-0.010624204227331121,-0.009805737921950344
MON,1257,-0.013778145425890006,-0.007206463794936911,-0.10576086424869506,-0.010624204227331121,-0.009805737921950344
FAST,1257,-0.013750956400079964,-0.02076948503753814,-0.18255568892821086,-0.010624204227331121,-0.009805737921950344
CINF,1257,-0.013696468819475938,0.004270824009130073,-0.15628291655698573,-0.010624204227331121,-0.009805737921950344
LUV,1257,-0.013681369761212007,-0.008510444408925627,0.11832830024768538,-0.010624204227331121,-0.009805737921950344
VRSN,1257,-0.013566845735125658,0.01982013409786818,-0.06476652713260854,-0.010624204227331121,-0.009805737921950344
GS,1257,-0.013518760102054004,-0.02944775655033107,0.00019638788370748297,-0.010624204227331121,-0.009805737921950344
APD,1257,-0.01350650820389713,-0.042317491260865946,-0.300341840127607,-0.010624204227331121,-0.009805737921950344
DISCA,1257,-0.013335600382867034,-0.059350333335259076,-0.07924285961602971,-0.010624204227331121,-0.009805737921950344
PPL,1257,-0.013156651860152968,0.003949146976018897,-0.23632704845663138,-0.010624204227331121,-0.009805737921950344
DHI,1257,-0.013125428836910097,0.012222517948818755,0.15025623289852294,-0.010624204227331121,-0.009805737921950344
PRU,1257,-0.012967531882743674,-0.03228421995475783,0.02088336943763269,-0.010624204227331121,-0.009805737921950344
LKQ,1257,-0.012964631372085705,-0.03226460675771446,0.0029330804303781344,-0.010624204227331121,-0.009805737921950344
ESS,1257,-0.012738252617041377,0.014753118215951207,-0.23960921760684648,-0.010624204227331121,-0.009805737921950344
XLNX,1257,-0.012252019745858553,-0.04971054548569689,-0.23650184092638835,-0.010624204227331121,-0.009805737921950344
CA,1257,-0.012146334034795562,-0.040243356116475816,-0.19028007265266994,-0.010624204227331121,-0.009805737921950344
BXP,1257,-0.012127937686983233,-0.04289296124718679,-0.03403679871726628,-0.010624204227331121,-0.009805737921950344
AME,1257,-0.011399689330068328,-0.027790256984455773,-0.3479084886329358,-0.010624204227331121,-0.009805737921950344
AMT,1257,-0.01137911317732932,0.039319680661033744,-0.171852753416046,-0.010624204227331121,-0.009805737921950344
COP,1257,-0.01132115333380688,-0.022158753347705826,0.16160324971232423,-0.010624204227331121,-0.009805737921950344
DTE,1257,-0.011209725725104399,0.04542365785713179,-0.2821840894797459,-0.010624204227331121,-0.009805737921950344
UNH,1257,-0.011179609087421927,-0.030214312530002584,-0.26151059645471963,-0.010624204227331121,-0.009805737921950344
FFIV,1257,-0.010996070677420807,0.008198017214309584,-0.23818772927450216,-0.010624204227331121,-0.009805737921950344
BBT,1257,-0.010892548013443247,-0.01390560993921119,-0.026153913180310972,-0.010624204227331121,-0.009805737921950344
BK,1257,-0.010880960479055842,-0.025641114383148235,-0.15191878715857915,-0.010624204227331121,-0.009805737921950344
BLK,1257,-0.010786066374416101,-0.024685041989090883,-0.1266376782509896,-0.010624204227331121,-0.009805737921950344
KSU,1257,-0.010534610879586065,-0.0028325901795834296,-0.1622013678915113,-0.010624204227331121,-0.009805737921950344
PKI,1257,-0.01051466888195176,-0.026865264506579566,-0.0891396708867604,-0.010624204227331121,-0.009805737921950344
MTB,1257,-0.01038695586335816,-0.013570030639882045,0.03861105842745785,-0.010624204227331121,-0.009805737921950344
DVN,1257,-0.010350076840241581,0.031207259511156965,0.07441107645739752,-0.010624204227331121,-0.009805737921950344
QCOM,1257,-0.010104472224971003,-0.044264396541578134,-0.32637278195250713,-0.010624204227331121,-0.009805737921950344
BIIB,1257,-0.009999155911307568,0.025584918356999144,-0.04529921946024175,-0.010624204227331121,-0.009805737921950344
PFG,1257,-0.009850051357504566,-0.04383926699665817,0.0020844492575469104,-0.010624204227331121,-0.009805737921950344
AEE,1257,-0.009821243386895507,0.023667530146966535,-0.14550616771347039,-0.010624204227331121,-0.009805737921950344
PAYX,1257,-0.00979023245700518,0.021805136129648857,0.028051825796351775,-0.010624204227331121,-0.009805737921950344
INTU,1257,-0.009716486100997243,-0.0030433002244543705,-0.2406094229577553,-0.010624204227331121,-0.009805737921950344
IR,1257,-0.009712305813086703,-0.03137010385337813,-0.09476642549182511,-0.010624204227331121,-0.009805737921950344
CAG,1257,-0.009304418155677166,0.01769745822767802,-0.07997412464392752,-0.010624204227331121,-0.009805737921950344
TDG,1257,-0.009254062572737209,-0.02406039986436827,-0.3078587975301526,-0.010624204227331121,-0.009805737921950344
PGR,1257,-0.009208750794338047,0.0666351496547217,-0.2258014327309556,-0.010624204227331121,-0.009805737921950344
INTC,1257,-0.008980094874750861,-0.012463416475303817,0.07509031418571013,-0.010624204227331121,-0.009805737921950344
RTN,1257,-0.008516662703619667,-0.028430415020397875,-0.2509502078414952,-0.010624204227331121,-0.009805737921950344
UDR,1257,-0.00816403518448478,-0.017125009879989973,-0.32979655293278687,-0.010624204227331121,-0.009805737921950344
ZBH,1257,-0.008069233462090543,-0.02291649108244856,-0.10219986265785863,-0.010624204227331121,-0.009805737921950344
VFC,1257,-0.008021989435343315,-0.038847971420183716,0.12106024454539642,-0.010624204227331121,-0.009805737921950344
ADBE,1257,-0.008005238288156824,-0.03880300272394938,-0.3098776633936316,-0.010624204227331121,-0.009805737921950344
NWSA,1167,-0.007981858778867635,-0.03745162671887659,-0.20524610807690594,-0.010624204227331121,-0.009805737921950344
ORCL,1255,-0.007969085608823324,-0.05340410601260277,-0.18374198879107906,-0.010624204227331121,-0.009805737921950344
CCL,1257,-0.00755653188222743,-0.04594533382290872,-0.23171086776205466,-0.010624204227331121,-0.009805737921950344
AOS,1257,-0.00721559727132714,-0.005695100070870407,-0.14987208023699042,-0.010624204227331121,-0.009805737921950344
PVH,1257,-0.006813392372787332,-0.06871313781952117,0.022774422408158294,-0.010624204227331121,-0.009805737921950344
HBAN,1257,-0.006797882529118089,0.0019074762872000044,-0.03670626019229843,-0.010624204227331121,-0.009805737921950344
TSS,1257,-0.006595113792710964,-0.026108694883640145,-0.017377685303551705,-0.010624204227331121,-0.009805737921950344
CF,1257,-0.0064387796455720415,-0.018065377272659628,-0.11305527076227245,-0.010624204227331121,-0.009805737921950344
ABC,1257,-0.006268864137745599,0.10164709786181676,0.06490685558447144,-0.010624204227331121,-0.009805737921950344
NOV,1257,-0.005952089755572413,-0.04460455164419987,-0.19225812248212698,-0.010624204227331121,-0.009805737921950344
GD,1257,-0.005350499852453044,0.006998924562613502,-0.20696533859496863,-0.010624204227331121,-0.009805737921950344
XOM,1257,-0.005307226214975914,-0.020867424640270117,-0.18983752695209535,-0.010624204227331121,-0.009805737921950344
ADM,1257,-0.0050547641355666514,0.01402427458688679,-0.2151458268636978,-0.010624204227331121,-0.009805737921950344
NOC,1257,-0.004995174636242042,-0.030908994726014976,-0.10988318810286157,-0.010624204227331121,-0.009805737921950344
PCAR,1257,-0.004845888219017317,-0.04888879571500074,-0.19738717308583245,-0.010624204227331121,-0.009805737921950344
EIX,1257,-0.004675941713718145,0.07898661434643202,-0.15938992526210882,-0.010624204227331121,-0.009805737921950344
HII,1257,-0.004104632814717577,-0.025552670607383286,0.16415769327913582,-0.010624204227331121,-0.009805737921950344
FTI,1257,-0.003733028468865856,-0.03358204916617148,-0.12305345229380778,-0.010624204227331121,-0.009805737921950344
TAP,1257,-0.0035762494980297313,-0.034965688921142525,-0.12919628022185906,-0.010624204227331121,-0.009805737921950344
HPE,579,-0.0034597401206371966,-0.0457222300689482,-0.1873119486842123,-0.010624204227331121,-0.009805737921950344
XL,1257,-0.0032971824995155974,0.03974917782604674,-0.19757390020215346,-0.010624204227331121,-0.009805737921950344
CHRW,1257,-0.0032902265193818334,-0.019136319382332224,0.05634559635421794,-0.010624204227331121,-0.009805737921950344
ULTA,1257,-0.002777612160942934,-0.02071742332814758,0.11056890360833563,-0.010624204227331121,-0.009805737921950344
CMS,1257,-0.002603808834196684,0.020437877600642928,-0.22159314177632064,-0.010624204227331121,-0.009805737921950344
WHR,1257,-0.0025216073538229197,-0.0006217681703960334,-0.2149940505083032,-0.010624204227331121,-0.009805737921950344
LYB,1257,-0.0022510009927315536,-0.043789082416263975,0.09424321755892236,-0.010624204227331121,-0.009805737921950344
USB,1257,-0.002246745749486129,-0.0432406295706072,-0.0937422665307343,-0.010624204227331121,-0.009805737921950344
WLTW,526,-0.002136971350829363,0.030611880803103224,-0.21346362741426417,-0.010624204227331121,-0.009805737921950344
ALGN,1257,-0.0021147638568929958,-0.039516615415854994,-0.09310811176844018,-0.010624204227331121,-0.009805737921950344
LEN,1257,-0.0020947415526841556,-0.030694630605689693,0.013714779987113446,-0.010624204227331121,-0.009805737921950344
DAL,1257,-0.0020905410544821246,0.05666135592414355,-0.12621286093261053,-0.010624204227331121,-0.009805737921950344
SYK,1257,-0.0019541275172497573,-0.03272469855179777,-0.34511758949197097,-0.010624204227331121,-0.009805737921950344
DFS,1257,-0.0017128823727911105,-0.004878553369645966,-0.06832659955825778,-0.010624204227331121,-0.009805737921950344
BMY,1255,-0.001610191123496439,-0.0006960986392534873,-0.13555378237082555,-0.010624204227331121,-0.009805737921950344
AMAT,1257,-0.0013332268596286823,-0.0417151061579906,-0.16352941112094088,-0.010624204227331121,-0.009805737921950344
COO,1257,-0.0011681885801215425,-0.04902353672196395,0.07593544153108144,-0.010624204227331121,-0.009805737921950344
KEY,1257,-0.0009201006074953648,-0.052648833936911076,0.0496587472046636,-0.010624204227331121,-0.009805737921950344
DIS,1257,-0.0007340236720305809,-0.06618109969803251,-0.03715319493488199,-0.010624204227331121,-0.009805737921950344
NWS,1167,-0.0007084910088889176,-0.04179931311872953,-0.1963335258018449,-0.010624204227331121,-0.009805737921950344
QRVO,779,-0.0005877537391376299,0.010194522338231447,-0.22689167702476476,-0.010624204227331121,-0.009805737921950344
LNC,1257,-0.0005393356380526344,-0.026902701576618025,0.0379105908719689,-0.010624204227331121,-0.009805737921950344
ABBV,1257,-0.000509542137175623,0.0037813651850951103,-0.08112363359985583,-0.010624204227331121,-0.009805737921950344
RE,1257,-0.00035427474786296266,-0.03401814831954492,0.0019992571285905223,-0.010624204227331121,-0.009805737921950344
MSFT,1257,-8.190740395192305e-05,-0.039044500633972135,-0.30511929389005343,-0.010624204227331121,-0.009805737921950344
RJF,1257,0.00030682667421661896,-0.024427232107835067,-0.11692351181365503,-0.010624204227331121,-0.009805737921950344
PXD,1257,0.0004345595623297935,-0.0448200788864095,0.021709701498462766,-0.010624204227331121,-0.009805737921950344
JPM,1257,0.0006143100247696547,-0.027061293099361155,-0.15359834790510282,-0.010624204227331121,-0.009805737921950344
RRC,1257,0.0009210989101786987,-0.032470831911484185,0.025918296679180913,-0.010624204227331121,-0.009805737921950344
URI,1257,0.0009534976831837733,-0.04417876053657729,-0.04020591319863115,-0.010624204227331121,-0.009805737921950344
PM,1257,0.001127307003028146,0.014920677325290205,-0.16170439903992226,-0.010624204227331121,-0.009805737921950344
ORLY,1257,0.0011979463025463995,-0.017204122945258193,-0.08930481299675312,-0.010624204227331121,-0.009805737921950344
SWK,1257,0.001210849496485039,-0.023023955783422475,-0.16709196872586576,-0.010624204227331121,-0.009805737921950344
FB,1257,0.0013904529782173111,0.015263837694045925,0.058960516607160236,-0.010624204227331121,-0.009805737921950344
PRGO,1257,0.0015687692794883956,-0.062111839553630456,0.019462583526423258,-0.010624204227331121,-0.009805737921950344
MAS,1257,0.0016384725611114784,-0.04284649186242857,-0.3482147033611054,-0.010624204227331121,-0.009805737921950344
CELG,1257,0.002061501670289024,0.0647892908646354,-0.3120725021184914,-0.010624204227331121,-0.009805737921950344
EW,1257,0.002108975197930785,0.03381763727137827,-0.005023418756916987,-0.010624204227331121,-0.009805737921950344
ETFC,1257,0.0021659373567799586,-0.015296109382584423,-0.10945689702330376,-0.010624204227331121,-0.009805737921950344
ETN,1257,0.0026359633121373306,-0.022154641899108922,-0.152302060156428,-0.010624204227331121,-0.009805737921950344
IRM,1257,0.002934606118541045,-0.013507437509477542,0.03666216562416385,-0.010624204227331121,-0.009805737921950344
TEL,1257,0.003259836982295939,-0.03405327182325398,-0.061607805932288505,-0.010624204227331121,-0.009805737921950344
PLD,1257,0.003437910048553217,-0.0016344468643644892,-0.14506732803981615,-0.010624204227331121,-0.009805737921950344
ABT,1257,0.0038902922132614446,0.007383809791098257,-0.13343587058326087,-0.010624204227331121,-0.009805737921950344
UNP,1257,0.004153839544463224,-0.007755964643814305,-0.03917911978331144,-0.010624204227331121,-0.009805737921950344
MS,1257,0.004203156350053953,-0.04327609867951813,-0.03412333341879128,-0.010624204227331121,-0.009805737921950344
FDX,1257,0.0046373879634014886,-0.013844989326929727,0.08020189348906782,-0.010624204227331121,-0.009805737921950344
DISH,1257,0.006049844308627833,-0.012413072758280397,0.03453675455728193,-0.010624204227331121,-0.009805737921950344
AKAM,1257,0.006058233461998688,0.018954046966256837,-0.19047850220498222,-0.010624204227331121,-0.009805737921950344
RCL,1257,0.006337358133081363,-0.07709407042112748,-0.2960983722260526,-0.010624204227331121,-0.009805737921950344
KMX,1257,0.006635615100532254,-0.03130293012217017,-0.14022625743754805,-0.010624204227331121,-0.009805737921950344
IVZ,1257,0.006988528418797594,-0.006322753878292013,-0.24126948954891697,-0.010624204227331121,-0.009805737921950344
UNM,1257,0.007430196070164161,-0.053908374174980796,-0.06284111886814266,-0.010624204227331121,-0.009805737921950344
COF,1257,0.007480984677773506,-0.010982723250589646,-0.04664462790751346,-0.010624204227331121,-0.009805737921950344
REGN,1257,0.007750004000117996,0.03304965176503846,-0.18943889949861603,-0.010624204227331121,-0.009805737921950344
SO,1257,0.008140658962601932,0.026130794959203212,-0.10764034401811517,-0.010624204227331121,-0.009805737921950344
CTL,1257,0.008207755452993671,-0.020152274689178046,-0.12493276645164894,-0.010624204227331121,-0.009805737921950344
NI,1257,0.008506916861350508,0.0033367429836372053,0.0819993380050703,-0.010624204227331121,-0.009805737921950344
RMD,1257,0.008676310186294209,-0.021683444458721845,-0.05608595799784062,-0.010624204227331121,-0.009805737921950344
MLM,1257,0.008705405675924056,-0.00632702741472567,-0.03801696223094621,-0.010624204227331121,-0.009805737921950344
DISCK,1257,0.008726256125627076,-0.05684985433988109,-0.08463257400190781,-0.010624204227331121,-0.009805737921950344
SNI,1257,0.008998603908023964,-0.0364946061768032,-0.23046836958829342,-0.010624204227331121,-0.009805737921950344
PNW,1257,0.009494311488594252,0.006838004524189325,-0.22396003557580807,-0.010624204227331121,-0.009805737921950344
KIM,1257,0.009857629874912274,-0.050670587297704205,-0.03516613675044599,-0.010624204227331121,-0.009805737921950344
FBHS,1257,0.009868842379569634,-0.037521520916667904,-0.3259505967557733,-0.010624204227331121,-0.009805737921950344
BEN,1257,0.009979198754599666,-0.0074861376100640795,-0.1519482172889295,-0.010624204227331121,-0.009805737921950344
DE,1257,0.010174856663899834,-0.010077096492901892,0.05056523522982169,-0.010624204227331121,-0.009805737921950344
REG,1257,0.010404633474290131,-0.020275688718323987,-0.1017951546245374,-0.010624204227331121,-0.009805737921950344
WRK,660,0.011456447668881473,-0.028908924726701722,0.2340953602655841,-0.010624204227331121,-0.009805737921950344
RF,1257,0.011550753643475948,-0.031027513694267164,0.09343056906255337,-0.010624204227331121,-0.009805737921950344
MAT,1257,0.011940496947149708,-0.027056578816989516,-0.20090174401090158,-0.010624204227331121,-0.009805737921950344
PHM,1257,0.011983256412437915,-0.013773222642339903,0.12435150708311048,-0.010624204227331121,-0.009805737921950344
GGP,1257,0.012242826426282183,-0.020681684747344855,-0.20903265479367378,-0.010624204227331121,-0.009805737921950344
LMT,1257,0.012444967139977147,-0.05515846444132566,-0.1208689204025783,-0.010624204227331121,-0.009805737921950344
ANSS,1257,0.013302126071320362,-0.017546097994953797,-0.1865619129868666,-0.010624204227331121,-0.009805737921950344
SLB,1257,0.013510271191448662,-0.02213451807693042,-0.11803628021114938,-0.010624204227331121,-0.009805737921950344
IQV,1195,0.013538070312273503,-0.018357662211539002,-0.23687686869096333,-0.010624204227331121,-0.009805737921950344
GPC,1257,0.014297667171347134,-0.047679604775387165,-0.25860233649887104,-0.010624204227331121,-0.009805737921950344
GPN,1257,0.014413599843870414,-0.010585928875864247,-0.03558443807310211,-0.010624204227331121,-0.009805737921950344
NBL,1257,0.015022995682229104,-0.020962654862960957,-0.06406413360487045,-0.010624204227331121,-0.009805737921950344
TRIP,1257,0.015164009940118578,0.019806021952119567,-0.241487463529032,-0.010624204227331121,-0.009805737921950344
SBUX,1257,0.015271064042984273,-0.027265125114415107,0.10958400959366565,-0.010624204227331121,-0.009805737921950344
CVX,1257,0.015562163234862023,-0.03430557060342658,-0.04053599172648896,-0.010624204227331121,-0.009805737921950344
BDX,1257,0.01589789827325283,0.0008983040587068015,-0.25450929526099203,-0.010624204227331121,-0.009805737921950344
LB,1257,0.01647404321652997,-0.03577503090683481,0.13328938664940462,-0.010624204227331121,-0.009805737921950344
AMZN,1257,0.016498537494807036,0.015274814903723318,-0.07858508383340573,-0.010624204227331121,-0.009805737921950344
LUK,1257,0.016664393994913384,-0.01832155899966868,-0.026250533497712333,-0.010624204227331121,-0.009805737921950344
HPQ,579,0.0169782152688865,-0.084131024018418,-0.24628779558462519,-0.010624204227331121,-0.009805737921950344
STT,1257,0.017298937412805433,-0.02743986355501135,-0.12406287676041373,-0.010624204227331121,-0.009805737921950344
CAT,1257,0.01770123068582056,-0.024977718212636488,-0.09402812137373076,-0.010624204227331121,-0.009805737921950344
AJG,1257,0.01786670300314371,-0.0032268261920582486,-0.07254505228386626,-0.010624204227331121,-0.009805737921950344
HAL,1257,0.017893539308187784,-0.025024306428487294,0.21509162048209096,-0.010624204227331121,-0.009805737921950344
NCLH,1257,0.017963307656527348,0.016022850055549067,-0.21158029664321806,-0.010624204227331121,-0.009805737921950344
HUM,1257,0.01822949204772429,0.011405605275449067,-0.4306736829697765,-0.010624204227331121,-0.009805737921950344
BWA,1257,0.018229671579370953,-0.021333578569143093,-0.08378341541174297,-0.010624204227331121,-0.009805737921950344
ALB,1257,0.018491737894886253,-0.0340532396297668,-0.13863863761039322,-0.010624204227331121,-0.009805737921950344
HD,1257,0.018630330481815453,-0.024307712164098435,-0.15665541566641109,-0.010624204227331121,-0.009805737921950344
CBG,1257,0.018914332732448823,-0.021565316033777718,-0.018798386344294277,-0.010624204227331121,-0.009805737921950344
IDXX,1257,0.01916787516289091,0.022689680335604083,-0.16403425508346595,-0.010624204227331121,-0.009805737921950344
CBOE,1257,0.01952088560085061,0.039402851150054506,0.047291803394054935,-0.010624204227331121,-0.009805737921950344
DLTR,1257,0.019806675084603525,-0.04064030680926914,0.004370818410815879,-0.010624204227331121,-0.009805737921950344
GPS,1257,0.01998145794825857,0.00259833305096734,-0.12284992615011817,-0.010624204227331121,-0.009805737921950344
AMP,1257,0.020211267773264745,-0.02033509550242037,-0.152257403528971,-0.010624204227331121,-0.009805737921950344
JWN,1257,0.020256701678415902,-0.006367294771331422,0.05279316113183886,-0.010624204227331121,-0.009805737921950344
NFX,1257,0.020789808601504683,0.009219053319244521,0.17167745044265711,-0.010624204227331121,-0.009805737921950344
AGN,1257,0.02079471459720241,0.03385567872369217,0.09665631918757858,-0.010624204227331121,-0.009805737921950344
OKE,1257,0.021281595017156565,0.0013896836432599972,0.18836568627607858,-0.010624204227331121,-0.009805737921950344
GLW,1257,0.021407094748907295,-0.06238206221381693,-0.1787435654592153,-0.010624204227331121,-0.009805737921950344
CFG,848,0.022326583556275308,0.017650629953214102,0.06275793098568407,-0.010624204227331121,-0.009805737921950344
ED,1257,0.022383566634532278,0.006119152735259585,-0.26447348973212204,-0.010624204227331121,-0.009805737921950344
FITB,1257,0.02360078376425862,-0.02412145662963232,0.011378563805606064,-0.010624204227331121,-0.009805737921950344
T,1257,0.02372860813307497,0.0036085487198522616,-0.17163606796841227,-0.010624204227331121,-0.009805737921950344
MET,1257,0.02399551013847309,-0.03726415830722381,-0.07743105579685233,-0.010624204227331121,-0.009805737921950344
AMG,1257,0.02405206403598308,-0.029340089969723555,-0.05899546029410515,-0.010624204227331121,-0.009805737921950344
CDNS,1257,0.02406344549559966,-0.06040809910899558,-0.1801405990335495,-0.010624204227331121,-0.009805737921950344
APC,1257,0.02409877640915702,-0.02869398715564602,0.1293739005467899,-0.010624204227331121,-0.009805737921950344
CMI,1257,0.02432886309054145,-0.04559577617799532,-0.20787152174654586,-0.010624204227331121,-0.009805737921950344
HRS,1257,0.024345663730004928,-0.037309957119491574,-0.22915358409752642,-0.010624204227331121,-0.009805737921950344
SLG,1257,0.024435519944069523,0.001938786509528645,-0.025876919210457008,-0.010624204227331121,-0.009805737921950344
M,1257,0.02526422729896859,0.001679037693896187,-0.009172475202711687,-0.010624204227331121,-0.009805737921950344
EXPE,1257,0.025275871091708712,-0.01594058978819669,-0.09810387927574915,-0.010624204227331121,-0.009805737921950344
ITW,1257,0.025376092553839564,-3.982292589944307e-05,-0.20730368391684995,-0.010624204227331121,-0.009805737921950344
NRG,1257,0.02671528328566441,-0.0074533014885951685,0.27978483941690674,-0.010624204227331121,-0.009805737921950344
UTX,1257,0.02674588736573426,-0.007921282608938393,-0.1379467839157355,-0.010624204227331121,-0.009805737921950344
MSI,1257,0.026877922343401268,-0.024851847850168828,-0.01443350102255084,-0.010624204227331121,-0.009805737921950344
SYF,886,0.026995013109890328,-0.023617307910914154,0.08694978279284236,-0.010624204227331121,-0.009805737921950344
NTRS,1257,0.027056466989594984,-0.027329571646029262,-0.024501236852010506,-0.010624204227331121,-0.009805737921950344
KORS,1257,0.027558190970286865,-0.03393746277426545,0.061582984102299974,-0.010624204227331121,-0.009805737921950344
MYL,1257,0.027788579621185524,0.023173584977691335,0.08942199296589431,-0.010624204227331121,-0.009805737921950344
AXP,1257,0.027844274067445877,-0.037110204945967264,0.04038534405458428,-0.010624204227331121,-0.009805737921950344
MAA,1257,0.027957509094110867,-0.016544436798464415,-0.31843254835612045,-0.010624204227331121,-0.009805737921950344
GT,1257,0.027979241154228517,-0.0480041255075905,-0.1827470438683037,-0.010624204227331121,-0.009805737921950344
PSA,1257,0.028476957287860594,0.01121906839185066,-0.25359429562728986,-0.010624204227331121,-0.009805737921950344
FLS,1257,0.028571722093856108,-0.02252175679551722,-0.15241067201422678,-0.010624204227331121,-0.009805737921950344
IBM,1257,0.02879125872486194,-0.011525812924512255,-0.08362883391740822,-0.010624204227331121,-0.009805737921950344
SBAC,1257,0.028860402727265505,-0.003991088331426445,-0.26590189188396235,-0.010624204227331121,-0.009805737921950344
RL,1257,0.02902636516654783,-0.02596837078227549,-0.1309492268248111,-0.010624204227331121,-0.009805737921950344
JCI,1257,0.029081124230739608,-0.045163045221832336,-0.3577057823284155,-0.010624204227331121,-0.009805737921950344
AAPL,1257,0.029081869359962074,-0.006128676396793651,-0.15553031574707726,-0.010624204227331121,-0.009805737921950344
FL,1257,0.030094830431570577,-0.07877005569807831,0.031082221792946237,-0.010624204227331121,-0.009805737921950344
DRE,1257,0.0302491927758221,0.012314890544504579,-0.1385439201248556,-0.010624204227331121,-0.009805737921950344
HRL,1257,0.03025660552310077,0.05664542231085224,-0.07584227908905422,-0.010624204227331121,-0.009805737921950344
STI,1257,0.03031752678302582,-0.05321602576912047,-0.016056729313465547,-0.010624204227331121,-0.009805737921950344
TGT,1257,0.030424492547461615,0.01290551335398645,-0.015808844906193362,-0.010624204227331121,-0.009805737921950344
MOS,1257,0.03048692692698085,-0.017622973501954565,0.01445536381704188,-0.010624204227331121,-0.009805737921950344
FMC,1257,0.030742833405357266,0.0072418420338203815,0.01427807535259067,-0.010624204227331121,-0.009805737921950344
CCI,1257,0.03161746959047854,0.023188170746550024,-0.33491013405367437,-0.010624204227331121,-0.009805737921950344
EQIX,1257,0.03164832398107382,-0.03639321115635012,-0.016353700794279155,-0.010624204227331121,-0.009805737921950344
ZION,1257,0.03187687782964324,-0.01805420807307966,0.08881854608901284,-0.010624204227331121,-0.009805737921950344
WFC,1257,0.0318805882105594,-0.01798720068886856,-0.057040258860125155,-0.010624204227331121,-0.009805737921950344
PNR,1257,0.033230251217076755,-0.0805593135903985,-0.035010344919224265,-0.010624204227331121,-0.009805737921950344
APA,1257,0.03336037369893045,-0.00992902696339617,-0.10530786536486368,-0.010624204227331121,-0.009805737921950344
FLIR,1257,0.03365924395707205,0.0014022674579520292,-0.17659307830276924,-0.010624204227331121,-0.009805737921950344
TSCO,1257,0.03375194610351471,-0.03391414629774611,0.08475466926599295,-0.010624204227331121,-0.009805737921950344
PH,1257,0.03405930363986033,-0.01768413940363228,-0.18562960203732995,-0.010624204227331121,-0.009805737921950344
VIAB,1257,0.034104235700748074,-0.013996881471793409,-0.11360519711271569,-0.010624204227331121,-0.009805737921950344
WDC,1257,0.03417923352827108,-0.0193888763392384,-0.0635055404159573,-0.010624204227331121,-0.009805737921950344
TPR,1257,0.03419815169094757,-0.011129204515788561,0.10001844889220979,-0.010624204227331121,-0.009805737921950344
ADSK,1257,0.03430362820170911,-0.02082100142740356,-0.06606360948537751,-0.010624204227331121,-0.009805737921950344
ARE,1257,0.0351114808540722,0.05243035807064586,-0.06611242970874091,-0.010624204227331121,-0.009805737921950344
VZ,1257,0.035197002265804966,0.0787409107301335,-0.25872874497231513,-0.010624204227331121,-0.009805737921950344
PYPL,653,0.035613674609797315,-0.036977506857479574,-0.15836810422236525,-0.010624204227331121,-0.009805737921950344
AIV,1257,0.035796847785513966,0.003705258736599813,-0.2508079464354373,-0.010624204227331121,-0.009805737921950344
BA,1257,0.03583123904496426,-0.029989785884412,0.0537035551708058,-0.010624204227331121,-0.009805737921950344
HCN,1257,0.035970730698524536,0.040889054989612615,-0.1007438158757718,-0.010624204227331121,-0.009805737921950344
CMA,1257,0.03638164741597749,-0.013681093230369267,0.11576607525625589,-0.010624204227331121,-0.009805737921950344
PFE,1257,0.03672913599269334,-0.009504612812341417,-0.07295683192503678,-0.010624204227331121,-0.009805737921950344
AYI,1257,0.03703714352260176,-0.03875022232236724,-0.13238021638249517,-0.010624204227331121,-0.009805737921950344
XRAY,1257,0.03749927485781023,-0.044310993984030315,-0.15151962185177156,-0.010624204227331121,-0.009805737921950344
NAVI,958,0.03780904539386067,0.07306406737292648,-0.2017773185473646,-0.010624204227331121,-0.009805737921950344
UAL,1257,0.03811739940327253,0.013423627347418386,-0.08410758833581093,-0.010624204227331121,-0.009805737921950344
NFLX,1257,0.038209172425194726,-0.06324293895856462,-0.13394645468655958,-0.010624204227331121,-0.009805737921950344
COST,1257,0.03915731155293357,0.014832581552517564,-0.11284722404156483,-0.010624204227331121,-0.009805737921950344
MAC,1257,0.03934381173787951,-0.056681190912065034,0.030023319907419476,-0.010624204227331121,-0.009805737921950344
EXR,1257,0.039820258624433946,0.0075171555444669596,-0.3304932904747998,-0.010624204227331121,-0.009805737921950344
C,1257,0.0402482237936794,-0.04167968443439724,-0.04076179321125866,-0.010624204227331121,-0.009805737921950344
GOOGL,1257,0.04060062090189304,-0.024200609174349096,-0.1685606749320604,-0.010624204227331121,-0.009805737921950344
VRSK,1257,0.04060769201387443,0.0034886024425243413,-0.2943399052755501,-0.010624204227331121,-0.009805737921950344
MU,1257,0.04170990860368186,-0.05569133227724111,0.0937490659801392,-0.010624204227331121,-0.009805737921950344
WY,1257,0.041871655165134386,-0.03390697280979586,-0.010145993617713952,-0.010624204227331121,-0.009805737921950344
EMR,1257,0.04281719700795618,-0.038144782774313164,-0.0717536586092847,-0.010624204227331121,-0.009805737921950344
BAX,1257,0.04333219663584898,-0.04465604828077052,-0.06452481502474285,-0.010624204227331121,-0.009805737921950344
INCY,1257,0.04362222298497275,-0.0013974526802610846,-0.003922218600431193,-0.010624204227331121,-0.009805737921950344
GILD,1257,0.044332129066989696,0.05578232289276106,-0.012836929388404509,-0.010624204227331121,-0.009805737921950344
BAC,1257,0.04478663130012104,-0.04765329643314823,-0.025027245988563106,-0.010624204227331121,-0.009805737921950344
WYNN,1257,0.04512230543798146,-0.009285349450526505,-0.07073301897720365,-0.010624204227331121,-0.009805737921950344
TWX,1257,0.04659354456812087,-0.05106386667151908,-0.18977888492441708,-0.010624204227331121,-0.009805737921950344
HST,1257,0.04688999086213657,0.018311173701433116,-0.00782746787552374,-0.010624204227331121,-0.009805737921950344
PCG,1257,0.04712471425526249,0.04607391761835767,0.04793558130548129,-0.010624204227331121,-0.009805737921950344
HBI,1257,0.048119418335058194,-0.08047735249978562,-0.10136507778974325,-0.010624204227331121,-0.009805737921950344
KR,1257,0.04859519703681104,0.01937157570061076,0.0015826821283430243,-0.010624204227331121,-0.009805737921950344
MGM,1257,0.049017423923149596,-0.04676783374181007,-0.13491577176139083,-0.010624204227331121,-0.009805737921950344
UPS,1257,0.04935294932297396,-0.016231622393814305,-0.1125775886913766,-0.010624204227331121,-0.009805737921950344
HES,1257,0.049924202490632084,-0.03254429825500631,-0.10346447853287975,-0.010624204227331121,-0.009805737921950344
JBHT,1257,0.05002183887136763,-0.03161379376726093,-0.07684586675460119,-0.010624204227331121,-0.009805737921950344
PSX,1257,0.050532982135757805,-0.04216827846698931,-0.18944226568731154,-0.010624204227331121,-0.009805737921950344
GM,1257,0.05288273007624926,-0.0418334227781205,0.0035291698198237622,-0.010624204227331121,-0.009805737921950344
KMI,1257,0.05387136805191643,0.04241433876498576,0.07588677720462475,-0.010624204227331121,-0.009805737921950344
CHK,1257,0.05408075975891122,-0.05378604744443824,0.09241367584412759,-0.010624204227331121,-0.009805737921950344
FCX,1257,0.05414066265236212,-0.03017385686332196,-0.05610427019653845,-0.010624204227331121,-0.009805737921950344
GWW,1257,0.05467542295494609,-0.025970541740355315,0.16358618772982825,-0.010624204227331121,-0.009805737921950344
VTR,1257,0.05480629824788575,0.05420776792734532,-0.10699576739326042,-0.010624204227331121,-0.009805737921950344
F,1257,0.05511312898700694,-0.04146535378208241,-0.009962071508412829,-0.010624204227331121,-0.009805737921950344
DLR,1257,0.056339290174672096,0.005472941795834955,-0.025372541764001003,-0.010624204227331121,-0.009805737921950344
AAL,1257,0.056352571036081954,0.011304816176742675,-0.01297281886982798,-0.010624204227331121,-0.009805737921950344
ARNC,1257,0.05994992374858736,-0.024984445952563255,0.015015398858093188,-0.010624204227331121,-0.009805737921950344
GOOG,973,0.061519734073252855,-0.017882358746750412,-0.2822268124914733,-0.010624204227331121,-0.009805737921950344
SIG,1257,0.06161333136907092,-0.03508517842741571,-0.17889718932646423,-0.010624204227331121,-0.009805737921950344
CSRA,559,0.06258321547542742,-0.03375278584381774,-0.22184454026675404,-0.010624204227331121,-0.009805737921950344
ALLE,1061,0.0644907551698166,0.06374985010592092,-0.15627409060749,-0.010624204227331121,-0.009805737921950344
HP,1257,0.06732238536722135,-0.023092486902937037,0.007798489877292987,-0.010624204227331121,-0.009805737921950344
GE,1257,0.06883860585483044,-0.030045722907742378,0.10821488830269409,-0.010624204227331121,-0.009805737921950344
JEC,1257,0.07033664324165023,-0.0750621588366987,-0.29198477022844826,-0.010624204227331121,-0.009805737921950344
UAA,1257,0.07714187750290438,-0.023420873990367908,0.08827510033950585,-0.010624204227331121,-0.009805737921950344
STX,1257,0.08666668859293873,-0.025496886011413096,-0.0751937889406905,-0.010624204227331121,-0.009805737921950344
PCLN,1257,0.10249845707353875,-0.013198937317215909,-0.3789838324512446,-0.010624204227331121,-0.009805737921950344
HCP,1257,0.11496229963804397,0.017175231718345604,-0.05586623178212711,-0.010624204227331121,-0.009805737921950344
