periodo,q,n,mean_fwd21,hit21,t21
2013-2015 (in-sample),1,46397,-0.004393708061474969,0.49677780891005885,-11.150822392467266
2013-2015 (in-sample),2,46307,0.0024770484532248512,0.5199645841881357,8.078471514971824
2013-2015 (in-sample),3,46141,0.004686874757532178,0.5457185583320691,16.27228589278167
2013-2015 (in-sample),4,45988,0.0027159620462684224,0.5369661650865443,9.672077865310836
2013-2015 (in-sample),5,45972,0.005454259588324925,0.5461150265378927,17.637148195758186
2016-2018 (out-of-sample),1,50421,0.020294399468551397,0.5921342297852086,48.202553232534974
2016-2018 (out-of-sample),2,50357,0.01566687934057988,0.6043449768651826,50.78712782115893
2016-2018 (out-of-sample),3,50223,0.016735786358439992,0.6232403480477072,58.61629320992784
2016-2018 (out-of-sample),4,50115,0.015657112561107082,0.6180385114237255,58.310452201421995
2016-2018 (out-of-sample),5,49956,0.015054368243446777,0.6092161101769558,52.61244482432296
