señal,bucket,n,mean_fwd,hit,hit_lo95,hit_hi95
dist_52w_high,1,4716,0.0078070453869380245,0.527565733672604,0.5133002838067273,0.5417863106247469
dist_52w_high,2,4709,0.009523119647092949,0.5527712890210236,0.5385326580472092,0.566923888593357
dist_52w_high,3,4695,0.009781797528210888,0.5793397231096912,0.5651593125828678,0.5933904031598378
dist_52w_high,4,4682,0.007932185931384589,0.5709098675779581,0.5566799677960642,0.5850234990902258
dist_52w_high,5,4674,0.006915327732054351,0.5577663671373556,0.543486211782416,0.5719516431462333
momentum_12m,1,4716,0.007821913521183364,0.5339270568278202,0.5196676015832723,0.5481312838708498
momentum_12m,2,4709,0.007309990319325103,0.5614780208112126,0.5472608578524254,0.5755949580527813
momentum_12m,3,4695,0.00974658764266811,0.5716719914802982,0.5574643839866089,0.5857624062078084
momentum_12m,4,4682,0.008188959542257896,0.5657838530542503,0.5515379193601048,0.5799219234139231
momentum_12m,5,4674,0.008908182727747991,0.5554129225502782,0.5411270237295077,0.5696078074798262
tendencia_sma200,bajo_sma200,7832,0.01016480522726412,0.552093973442288,0.5410577480004852,0.5630791196972997
tendencia_sma200,sobre_sma200,15644,0.007506898342389556,0.5604065456405012,0.5526148096409497,0.5681686216023728
