mes_natural,n,ret_medio,ret_mediano,hit,t_stat,hit_lo95,hit_hi95
1,2470,-0.006046378401046122,-0.004508924982466078,0.4757085020242915,-3.686020277018579,0.45606610187999563,0.4954263461409285
2,2473,0.018607483676036783,0.020365752285951944,0.5988677719369188,12.826167164735207,0.579411200732506,0.6180176538216166
3,2444,0.02390651628602587,0.018397390263080404,0.6460720130932897,18.985805496098422,0.6268977911318568,0.6647877493050732
4,2445,0.005872132313191018,0.0042918454935623185,0.5370143149284253,4.5470071927290245,0.5172068304593769,0.5567056675968469
5,2448,0.016040344171376595,0.01681129096006806,0.6499183006535948,12.98198223585147,0.6308009893675711,0.6685658212779454
6,2449,0.0010628851675272362,0.0011190689346463056,0.5059207839934667,0.9063509453461528,0.4861253781115112,0.5256976438072299
7,2456,0.020892041422334404,0.02137136416683283,0.6404723127035831,14.274743193026746,0.6212881489542115,0.6592177177650114
8,2462,-0.010589200296953883,-0.010777868718937655,0.43501218521527213,-8.048841878181006,0.41554529136353835,0.45468157154606625
9,2462,0.0026011537629858097,0.0013111495454239952,0.5085296506904955,2.0745941115654842,0.488783940642494,0.5282487836006203
10,2464,0.027004668333550277,0.028274072469633316,0.6659902597402597,18.19342413831828,0.6471215932871023,0.6843421440937733
11,2466,0.027786100237231742,0.02626322647300605,0.681265206812652,18.906908456887894,0.6626032681442953,0.6993632644462966
12,2468,0.005358865294996847,0.007809250242659105,0.5680713128038898,4.829863448219698,0.5484374385810571,0.5874936016603565
