patron,bucket,horizonte_d,n,hit,hit_lo95,hit_hi95,base,delta_pp,z,p_valor,significativo_5%
breakout_20d,breakout + volumen,21,9398,0.5649074271121515,0.55485945495212,0.5749023568188845,0.5798611820640143,-1.4953754951862797,-2.9370379423758792,0.003313635589842624,sí
breakout_20d,breakout sin volumen,21,38635,0.5598032871748415,0.5548475663622144,0.564747116310674,0.5798611820640143,-2.0057894889172756,-7.987619830923877,1.3756891292016584e-15,sí
breakout_20d,sin señal,21,520319,0.5816066682169977,0.5802656894214019,0.5829464419908202,0.5798611820640143,0.1745486152983422,2.5508964386462276,0.010744624762648773,sí
breakout_20d,volumen sin breakout,21,18386,0.5764168388991624,0.5692591059806364,0.5835426451774595,0.5798611820640143,-0.3444343164851871,-0.9462189018270873,0.3440369472270704,no
composite_signal,1,21,92618,0.5391176661124187,0.5359058130378589,0.5423262742844039,0.5798611820640143,-4.074351595159554,-25.12162798390836,2.886754407761079e-139,sí
composite_signal,2,21,92464,0.5581523620003461,0.5549490358692004,0.5613508562221492,0.5798611820640143,-2.1708820063668144,-13.374086711492732,8.56998572484561e-41,sí
composite_signal,3,21,92164,0.5800203984202075,0.5768306481676899,0.5832034780952822,0.5798611820640143,0.015921635619320362,0.09792868330043904,0.9219889234693509,no
composite_signal,4,21,91921,0.5739602484742333,0.5707604287942523,0.5771538864586989,0.5798611820640143,-0.5900933589780943,-3.624680023749298,0.00028931943214903494,sí
composite_signal,5,21,91767,0.5727767062233701,0.5695731139303574,0.575974205535437,0.5798611820640143,-0.70844758406442,-4.348030359672094,1.3736559279812787e-05,sí
composite_signal,1,63,92618,0.5807726359886847,0.5775914790425644,0.5839470926543301,0.6329515499519791,-5.217891396329444,-32.94547729776422,4.910866467301229e-238,sí
composite_signal,2,63,92464,0.5975514794947223,0.594386576605454,0.6007082767819317,0.6329515499519791,-3.5400070457256794,-22.332818369989184,1.7738075413945973e-110,sí
composite_signal,3,63,92164,0.6200902738596415,0.6169517332032076,0.6232188036752432,0.6329515499519791,-1.286127609233756,-8.100611195019024,5.46837556048615e-16,sí
composite_signal,4,63,91921,0.6344687285821521,0.6313499040890844,0.6375763140008035,0.6329515499519791,0.15171786301729773,0.9543268788641898,0.33991820638785275,no
composite_signal,5,63,91767,0.6355443678010614,0.6324248293422506,0.638652558271028,0.6329515499519791,0.2592817849082274,1.6295524507210557,0.10319612087583979,no
dist_52w_high,1,21,117979,0.5533696674831962,0.5505311310973481,0.556204728365118,0.5798611820640143,-2.649151458081811,-18.435321724754992,6.841059665721035e-76,sí
dist_52w_high,2,21,117751,0.5760036008186767,0.5731784485142354,0.5788237940840003,0.5798611820640143,-0.3857581245337527,-2.6818776484530424,0.0073210230110303184,sí
dist_52w_high,3,21,117444,0.5848234051973706,0.5820024907000187,0.5876387707192972,0.5798611820640143,0.49622231333563693,3.4453494965690417,0.0005703214659312045,sí
dist_52w_high,4,21,117142,0.5939628826552389,0.5911475416573627,0.5967720609450738,0.5798611820640143,1.410170059122462,9.778435690107798,1.3934753692330318e-22,sí
dist_52w_high,5,21,116928,0.5913639162561576,0.5885432734387069,0.5941785558564198,0.5798611820640143,1.1502734192143316,7.968965046508507,1.600087040562278e-15,sí
dist_52w_high,1,63,117979,0.5963603692182508,0.5935576173436548,0.5991568459770864,0.6329515499519791,-3.6591180733728357,-26.0754521533173,6.923423569608666e-150,sí
dist_52w_high,2,63,117751,0.6283428590839993,0.6255784961134815,0.6310988480136582,0.6329515499519791,-0.460869086797977,-3.281050760716322,0.0010342112979380333,sí
dist_52w_high,3,63,117444,0.6344215115288989,0.6316628012337557,0.637171428240922,0.6329515499519791,0.14699615769198093,1.0451399987805128,0.2959582698134894,no
dist_52w_high,4,63,117142,0.6525669700022195,0.649835241072862,0.6552886925794273,0.6329515499519791,1.9615420050240417,13.928585001058837,4.246859500569283e-44,sí
dist_52w_high,5,63,116928,0.6533849890530925,0.6506522368210148,0.6561076628708413,0.6329515499519791,2.0433439101113393,14.496187488539135,1.280682408246419e-47,sí
extreme_down_events,caida 10% en 5 dias,21,3850,0.597922077922078,0.5823436033435605,0.6133053304372156,0.5798611820640143,1.8060895858063697,2.2704462778662378,0.023180519328611704,sí
extreme_down_events,caida 2-2.5 sigma,21,9595,0.6040646169880146,0.5942392389767056,0.6138066985664247,0.5798611820640143,2.4203434924000344,4.803315034503324,1.5606005172987968e-06,sí
extreme_down_events,caida >=2.5 sigma,21,7264,0.6079295154185022,0.5966479500475201,0.6190969830836586,0.5798611820640143,2.8068333354487884,4.846699799091646,1.255321590481263e-06,sí
extreme_down_events,resto,21,549644,0.5788219283754575,0.577516050806251,0.580126704139846,0.5798611820640143,-0.10392536885567294,-1.5610035742580308,0.11852290753845357,no
extreme_down_events,subida >=2 sigma,21,15883,0.5741358685386891,0.5664287384891583,0.5818071449730396,0.5798611820640143,-0.5725313525325126,-1.4618644981571514,0.14377834528147532,no
extreme_down_events,caida 10% en 5 dias,63,3850,0.6667532467532468,0.6517036366442563,0.681470409741044,0.6329515499519791,3.3801696801267656,4.351329143907223,1.3531474317043177e-05,sí
extreme_down_events,caida 2-2.5 sigma,63,9595,0.6597186034392913,0.6501758458039423,0.6691335175258996,0.6329515499519791,2.676705348731223,5.43971473266302,5.3365952082534024e-08,sí
extreme_down_events,caida >=2.5 sigma,63,7264,0.6556993392070485,0.6446929076279371,0.6665411732028834,0.6329515499519791,2.2747789255069373,4.0223530124593925,5.76196123153241e-05,sí
extreme_down_events,resto,63,549644,0.6315396875068225,0.6302634762450054,0.6328140600536469,0.6329515499519791,-0.14118624451565642,-2.171631842294228,0.029883443237143776,sí
extreme_down_events,subida >=2 sigma,63,15883,0.6344519297361959,0.6269306048153809,0.6419082309668049,0.6329515499519791,0.15003797842167987,0.39230201677456744,0.6948350736636283,no
monthly_dist_52w_high,1,21,4716,0.527565733672604,0.5133002838067273,0.5417863106247469,0.5798611820640143,-5.229544839141031,-7.275994572232767,3.438774149968211e-13,sí
monthly_dist_52w_high,2,21,4709,0.5527712890210236,0.5385326580472092,0.566923888593357,0.5798611820640143,-2.70898930429907,-3.7662852784201064,0.0001656944568351626,sí
monthly_dist_52w_high,3,21,4695,0.5793397231096912,0.5651593125828678,0.5933904031598378,0.5798611820640143,-0.05214589543230952,-0.07239015472007913,0.9422914196348461,no
monthly_dist_52w_high,4,21,4682,0.5709098675779581,0.5566799677960642,0.5850234990902258,0.5798611820640143,-0.8951314486056128,-1.2409208945565426,0.21463497312856866,no
monthly_dist_52w_high,5,21,4674,0.5577663671373556,0.543486211782416,0.5719516431462333,0.5798611820640143,-2.2094814926658657,-3.060386653236005,0.002210514133816163,sí
monthly_momentum_12m,1,21,4716,0.5339270568278202,0.5196676015832723,0.5481312838708498,0.5798611820640143,-4.593412523619412,-6.390928009591454,1.64882000182093e-10,sí
monthly_momentum_12m,2,21,4709,0.5614780208112126,0.5472608578524254,0.5755949580527813,0.5798611820640143,-1.8383161252801705,-2.555795605666458,0.010594533025719513,sí
monthly_momentum_12m,3,21,4695,0.5716719914802982,0.5574643839866089,0.5857624062078084,0.5798611820640143,-0.8189190583716033,-1.1368426382800407,0.25560407519286865,no
monthly_momentum_12m,4,21,4682,0.5657838530542503,0.5515379193601048,0.5799219234139231,0.5798611820640143,-1.4077329009763995,-1.9515403838145933,0.05099279713877856,no
monthly_momentum_12m,5,21,4674,0.5554129225502782,0.5411270237295077,0.5696078074798262,0.5798611820640143,-2.444825951373608,-3.386365867243003,0.0007082489004321629,sí
monthly_tendencia_sma200,bajo_sma200,21,7832,0.552093973442288,0.5410577480004852,0.5630791196972997,0.5798611820640143,-2.7767208621726214,-4.978633301962177,6.403483345039271e-07,sí
monthly_tendencia_sma200,sobre_sma200,21,15644,0.5604065456405012,0.5526148096409497,0.5681686216023728,0.5798611820640143,-1.9454636423513083,-4.92990555924406,8.226937789206904e-07,sí
new_52w_high_event,drawdown_>30%,21,32301,0.5582489706201046,0.5528267083017873,0.5636573793341662,0.5798611820640143,-2.161221144390968,-7.869529520177584,3.5597741147016724e-15,sí
new_52w_high_event,nuevo_max_52w,21,46076,0.566542234568973,0.5620119801884004,0.5710613939179897,0.5798611820640143,-1.3318947495041256,-5.7922709471032405,6.944099557736006e-09,sí
new_52w_high_event,resto,21,508867,0.5824390263074635,0.5810834094973412,0.5837933984097441,0.5798611820640143,0.2577844243449201,3.725635766619197,0.00019482355627970392,sí
short_term_reversal,1,5,121716,0.5432400013145354,0.5404402008940625,0.5460370723395891,0.5432562955091921,-0.001629419465665194,-0.01141216565538147,0.9908946068626531,no
short_term_reversal,2,5,121488,0.5533632951402607,0.5505660725318045,0.5561571430293628,0.5432562955091921,1.0106999631068647,7.0721306012336225,1.5257271939593054e-12,sí
short_term_reversal,3,5,121181,0.5544598575684307,0.5516597267504372,0.5572565355950344,0.5432562955091921,1.120356205923867,7.829512490255176,4.897653373110877e-15,sí
short_term_reversal,4,5,120879,0.5493758221030949,0.5465693630205875,0.5521791429046738,0.5432562955091921,0.6119526593902802,4.2712460170076385,1.9438382378777648e-05,sí
short_term_reversal,5,5,120646,0.542463073786118,0.5396505271299968,0.5452729163169442,0.5432562955091921,-0.07932217230740557,-0.5531111254378607,0.5801873189351441,no
trend_sma,bajo sma200,21,51211,0.6309581925758138,0.6267691283278551,0.6351276106049466,0.5798611820640143,5.1097010511799485,23.427108952251142,2.2627486286156407e-121,sí
trend_sma,px<sma50<sma200,21,140105,0.5646265301024231,0.562028576799861,0.5672209394562209,0.5798611820640143,-1.5234651961591128,-11.553163818795156,7.115201046426707e-31,sí
trend_sma,px>sma50>sma200,21,253264,0.5688648998673321,0.5669350989600259,0.5707926116708844,0.5798611820640143,-1.099628219668214,-11.211770118414124,3.5698184646665567e-29,sí
trend_sma,sobre sma200 (no apilada),21,142664,0.596001794426064,0.5934529259229222,0.5985454928714082,0.5798611820640143,1.6140612362049778,12.351473840207035,4.7827119746251046e-35,sí
trend_sma,bajo sma200,63,51211,0.6662826345902247,0.6621862267272313,0.6703540968964582,0.6329515499519791,3.3331084638245634,15.648911826334052,3.379487545415762e-55,sí
trend_sma,px<sma50<sma200,63,140105,0.6019199885799936,0.5993540198463612,0.6044803682897835,0.6329515499519791,-3.1031561371985483,-24.0981394974569,2.614538616309479e-128,sí
trend_sma,px>sma50>sma200,63,253264,0.6368335018004928,0.634958450545279,0.6387044020385289,0.6329515499519791,0.38819518485136983,4.0531244973684055,5.053808990528501e-05,sí
trend_sma,sobre sma200 (no apilada),63,142664,0.6445704592609207,0.6420828299357849,0.6470503029229376,0.6329515499519791,1.1618909308941605,9.104909408516065,8.633846108556151e-20,sí
volatility_compression,1,63,117777,0.637399492260798,0.6346493973812184,0.6401406241565459,0.6329515499519791,0.4447942308818842,3.166959127939237,0.00154041967117183,sí
volatility_compression,2,63,117549,0.6466579894341934,0.6439206025284105,0.6493857908408163,0.6329515499519791,1.3706439482214283,9.74960882526674,1.851804339888426e-22,sí
volatility_compression,3,63,117242,0.6367598642124835,0.6340024690165874,0.6395082974411629,0.6329515499519791,0.38083142605044307,2.7053749041715753,0.006822734022512463,sí
volatility_compression,4,63,116940,0.6242089960663588,0.6214290014451122,0.6269808301676026,0.6329515499519791,-0.8742553885620286,-6.202587955295498,5.554212418498073e-10,sí
volatility_compression,5,63,116728,0.6178808854773491,0.615089514350313,0.6206644977752014,0.6329515499519791,-1.5070664474630013,-10.682502230591913,1.2291319018830393e-26,sí
volatility_level,1,21,117777,0.5926369325080448,0.5898278043255525,0.5954400177036627,0.5798611820640143,1.2775750444030565,8.88297093161863,6.509797843757557e-19,sí
volatility_level,2,21,117549,0.5970106083420531,0.5942034406090833,0.599811435506,0.5798611820640143,1.7149426278038837,11.912437694920532,1.0195239399034751e-32,sí
volatility_level,3,21,117242,0.5839289674348783,0.5811047743243176,0.586747660622936,0.5798611820640143,0.4067785370864052,2.8218973805798404,0.004774045083256516,sí
volatility_level,4,21,116940,0.56900974858902,0.5661691632473024,0.5718457999963883,0.5798611820640143,-1.0851433474994288,-7.518136978452314,5.556227400972814e-14,sí
volatility_level,5,21,116728,0.5551452950448907,0.5522926331918284,0.5579943272770623,0.5798611820640143,-2.471588701912353,-17.108238684577454,1.2883679278326734e-65,sí
volume_ratio,1,21,122221,0.5872640544587264,0.5845011825670829,0.5900214408273416,0.5798611820640143,0.7402872394712157,5.243421335753997,1.5762602891327392e-07,sí
volume_ratio,2,21,121992,0.5861613876319759,0.5833948664110741,0.5889224824779721,0.5798611820640143,0.6300205567961625,4.458224898577073,8.264117076761557e-06,sí
volume_ratio,3,21,121685,0.586481489090685,0.5837117820335591,0.5892457358725034,0.5798611820640143,0.6620307026670713,4.678840401024071,2.885018924521417e-06,sí
volume_ratio,4,21,121384,0.5829433862782575,0.5801669343676917,0.585714588316867,0.5798611820640143,0.30822042142432116,2.175623340928343,0.029583436568478547,sí
volume_ratio,5,21,121151,0.5786415299914982,0.5758585772328714,0.581419495589932,0.5798611820640143,-0.12196520725160642,-0.8600843331292943,0.38974255669087254,no
